mszoning,lotshape,landcontour,lotconfig,landslope,neighborhood,condition1,bldgtype,housestyle,roofstyle,exterior1st,exterior2nd,masvnrtype,exterqual,extercond,foundation,bsmtqual,bsmtcond,bsmtexposure,bsmtfintype1,bsmtfintype2,heatingqc,centralair,electrical,kitchenqual,functional,fireplacequ,garagetype,garagefinish,garagequal,garagecond,paveddrive,saletype,salecondition,mssubclass,lotfrontage,lotarea,overallqual,overallcond,yearbuilt,yearremodadd,masvnrarea,bsmtfinsf1,bsmtunfsf,totalbsmtsf,firstflrsf,secondflrsf,grlivarea,bsmtfullbath,bsmthalfbath,fullbath,halfbath,bedroomabvgr,kitchenabvgr,totrmsabvgrd,fireplaces,garageyrblt,garagecars,garagearea,wooddecksf,openporchsf,enclosedporch,mosold,yrsold,Predicted Sale Price,Actual Sale Price
3,3,3,4,0,19,2,0,2,3,6,6,2,3,4,1,4,4,3,2,6,4,1,5,3,6,3,1,2,5,5,2,8,4,20,70.0,8414,6,8,1963,2003,0.0,663,396,1059.0,1068,0,1068,0,1,1,0,3,1,6,0,1963.0,1,264,192,0,0,2,2006,140844.25,154500
3,0,3,0,0,15,2,0,5,1,6,6,1,2,4,2,0,4,0,2,6,0,1,5,2,6,5,1,2,5,5,2,8,4,60,98.0,12256,8,5,1994,1995,362.0,1032,431,1463.0,1500,1122,2622,1,0,2,1,3,1,9,2,1994.0,2,712,186,32,0,4,2010,321773.74,325000
4,3,3,4,0,17,0,0,2,1,14,15,2,3,4,1,4,4,3,6,6,2,1,0,3,6,2,5,3,5,5,2,8,4,30,56.0,8960,5,6,1927,1950,0.0,0,1008,1008.0,1028,0,1028,0,0,1,0,2,1,5,1,1927.0,2,360,0,0,130,3,2010,119137.0,115000
4,3,3,0,0,3,1,0,0,1,5,5,2,3,2,1,4,4,3,0,6,0,1,5,3,6,2,5,3,5,5,2,8,4,50,50.0,5000,6,7,1947,1950,0.0,399,605,1004.0,1004,660,1664,0,0,2,0,3,1,7,2,1950.0,2,420,0,24,36,10,2006,163364.5,159000
3,0,1,4,0,23,2,0,2,3,12,13,3,2,4,2,0,4,1,2,6,0,1,5,0,6,0,1,0,5,5,2,8,4,20,89.0,12898,9,5,2007,2008,70.0,1022,598,1620.0,1620,0,1620,1,0,2,0,2,1,6,1,2008.0,3,912,228,0,0,9,2009,318465.87,315500
4,3,3,4,0,10,2,4,6,1,5,5,2,3,4,1,2,4,0,3,2,0,1,5,3,6,3,6,1,3,3,2,8,4,180,21.0,1491,4,6,1972,1972,0.0,150,0,630.0,630,0,630,1,0,1,0,1,1,3,0,1978.5061638868744,0,0,96,24,0,5,2010,83037.5,75500
3,0,3,0,0,6,2,0,0,1,12,13,1,2,2,1,4,4,3,1,6,0,1,5,2,6,5,1,3,5,5,2,8,4,50,70.04995836802665,15660,7,9,1939,2006,312.0,341,457,798.0,1137,817,1954,0,1,1,1,3,1,8,2,1939.0,2,431,0,119,150,5,2008,208551.52,311500
3,3,3,4,0,13,2,3,5,1,9,2,2,3,4,1,2,4,3,0,6,1,1,5,3,6,5,1,3,5,5,2,8,4,160,24.0,2280,6,5,1978,1978,0.0,311,544,855.0,855,601,1456,0,0,2,1,3,1,7,1,1978.0,2,440,26,0,0,7,2010,151862.0,146000
4,3,3,4,0,10,2,3,6,1,5,5,2,3,4,1,2,4,0,1,2,2,1,5,3,6,3,6,1,3,3,2,8,4,180,21.0,1936,4,6,1970,1970,0.0,131,0,630.0,630,0,630,1,0,1,0,1,1,3,0,1978.5061638868744,0,0,0,0,0,12,2007,85013.16,84500
3,0,3,4,0,7,2,0,0,1,8,8,2,3,2,2,4,4,3,6,6,4,1,5,3,6,3,1,3,5,5,2,8,4,50,59.0,16466,5,7,1955,1955,0.0,0,816,816.0,872,521,1393,0,0,1,1,3,1,8,0,1955.0,1,300,121,0,0,4,2008,129658.25,135500
3,3,3,4,0,18,2,0,0,1,13,14,2,3,4,0,4,4,3,6,6,2,1,5,3,6,2,5,3,5,5,2,8,4,50,52.0,6292,7,7,1928,1950,0.0,0,861,861.0,877,600,1477,0,1,2,0,3,1,6,1,1928.0,1,216,0,50,0,8,2009,153481.79,145000
3,3,3,4,0,11,2,0,2,1,6,6,2,3,4,1,4,4,3,1,6,4,1,5,3,6,3,1,2,5,5,2,8,4,20,62.0,9858,5,6,1968,1968,0.0,510,354,864.0,874,0,874,1,0,1,0,3,1,5,0,1968.0,1,288,33,0,0,11,2009,123663.83,130000
0,3,2,4,0,9,2,0,2,1,8,8,2,1,4,1,4,4,3,6,6,4,1,5,3,6,3,5,2,5,5,2,3,4,30,120.0,18000,3,4,1935,1950,0.0,0,894,894.0,894,0,894,0,0,1,0,2,1,6,0,1994.0,3,1248,0,20,0,8,2008,108328.0,81000
3,0,3,4,0,16,2,0,2,1,12,13,1,2,4,2,2,4,3,2,6,0,1,5,2,6,3,1,2,5,5,2,8,4,20,70.0,10171,7,5,2004,2004,168.0,2,1515,1517.0,1535,0,1535,0,0,2,0,3,1,7,0,2004.0,2,532,0,0,0,3,2010,204320.67,214000
3,3,3,4,0,8,2,0,5,1,12,13,2,3,4,2,2,4,3,6,6,0,1,5,3,6,5,1,2,5,5,2,8,0,60,70.04995836802665,8063,6,5,2000,2000,0.0,0,924,924.0,948,742,1690,0,0,2,1,3,1,7,1,2000.0,2,463,100,48,0,11,2007,177126.0,181000
3,3,3,4,0,12,2,0,2,1,13,14,2,3,4,1,4,4,3,1,6,2,1,5,2,6,3,1,3,5,5,2,8,4,20,66.0,8923,5,7,1953,2006,0.0,643,365,1008.0,1008,0,1008,1,0,1,0,2,1,6,0,1953.0,1,240,0,18,0,5,2007,130960.25,134500
3,0,3,4,0,8,2,0,5,1,12,13,2,2,4,2,2,4,3,6,6,0,1,5,2,6,2,1,0,5,5,2,8,4,60,62.0,8244,7,5,2004,2004,0.0,0,840,840.0,840,880,1720,0,0,2,1,3,1,7,1,2004.0,2,440,100,48,0,5,2007,193992.42,183500
3,3,3,4,0,12,2,0,2,1,13,14,1,3,4,1,4,4,3,5,6,0,1,5,3,6,3,1,2,5,5,2,8,3,20,70.0,7000,5,7,1960,2002,45.0,588,422,1010.0,1134,0,1134,0,0,1,0,2,1,6,0,1960.0,1,254,0,16,0,4,2007,135838.59,135000
4,3,0,4,1,9,2,0,2,1,3,3,2,3,4,0,4,4,3,6,6,4,1,0,3,6,2,5,3,5,5,2,8,4,30,59.0,8263,6,5,1920,1950,0.0,0,1012,1012.0,1012,0,1012,0,0,1,0,2,1,6,1,1920.0,1,308,0,22,112,5,2007,115797.75,118400
3,0,3,4,0,5,2,0,2,1,12,13,1,2,4,2,2,4,0,2,6,0,1,5,2,6,3,1,2,5,5,2,8,4,20,72.0,10665,7,5,2003,2003,167.0,1013,440,1453.0,1479,0,1479,1,0,2,0,3,1,7,0,2003.0,2,558,144,29,0,6,2007,206621.34,226000
3,3,3,0,0,19,2,0,2,1,13,14,0,3,4,1,4,4,3,5,1,0,1,5,3,0,5,1,2,5,5,2,8,4,20,88.0,13125,5,4,1957,2000,67.0,168,284,1134.0,1803,0,1803,1,0,2,0,3,1,8,1,1957.0,2,484,0,0,0,1,2006,164410.05,155000
1,3,3,4,0,21,2,0,5,1,12,13,2,2,4,2,2,4,3,6,6,0,1,5,2,6,3,1,2,5,5,2,8,4,60,75.0,9000,8,5,2008,2008,0.0,0,768,768.0,786,804,1590,0,0,2,1,3,1,6,0,2008.0,2,676,0,30,0,6,2009,224223.81,210000
3,3,3,2,0,5,2,0,5,1,12,13,2,2,4,2,2,4,3,2,6,0,1,5,2,6,3,1,0,5,5,2,8,4,60,64.0,8633,6,5,2005,2005,0.0,193,545,738.0,738,738,1476,1,0,2,1,3,1,7,0,2005.0,2,540,100,35,0,2,2009,177233.96,173500
3,3,3,4,0,12,2,0,2,1,8,8,2,3,4,1,4,4,3,1,5,0,1,5,3,6,3,1,0,5,5,2,8,4,20,74.0,5868,5,7,1956,2000,0.0,248,448,936.0,936,0,936,1,0,1,0,2,1,4,0,1956.0,1,308,0,0,80,5,2010,120862.04,129000
3,0,3,4,0,5,2,0,2,1,12,13,2,2,4,2,2,4,0,2,6,0,1,5,2,6,3,1,0,5,5,2,8,4,20,68.0,9017,7,5,1999,1999,0.0,560,871,1431.0,1431,0,1431,1,0,2,0,3,1,6,0,1999.0,2,666,0,35,0,9,2009,195612.72,192000
3,3,3,4,0,20,2,4,2,1,9,10,2,2,4,2,2,4,3,2,6,0,1,5,2,6,3,1,2,5,5,2,8,4,120,55.0,7892,6,5,1993,1993,0.0,300,899,1199.0,1199,0,1199,0,0,2,0,2,1,5,0,1993.0,2,530,0,63,0,3,2008,175315.78,153900
3,0,3,4,0,8,2,0,2,1,12,13,2,2,4,2,2,4,0,2,6,0,1,5,2,6,3,1,0,5,5,2,6,5,20,73.0,8899,7,5,2007,2007,0.0,24,1316,1340.0,1340,0,1340,0,0,2,0,3,1,6,0,2007.0,2,396,100,30,0,8,2007,185809.58,181134
3,3,3,0,0,8,2,0,2,1,12,13,2,3,4,1,4,4,3,3,6,0,1,5,3,6,3,5,3,5,5,2,8,4,20,140.0,19138,4,5,1951,1951,0.0,120,744,864.0,864,0,864,0,0,1,0,2,1,4,0,1951.0,2,400,0,0,0,6,2010,104412.5,141000
3,0,3,0,0,8,2,0,5,1,12,13,2,3,4,2,2,4,3,6,6,0,1,5,3,6,5,1,0,5,5,2,8,4,60,100.0,10839,6,5,1997,1998,0.0,0,926,926.0,926,678,1604,0,0,2,1,3,1,7,1,1997.0,2,470,0,36,0,7,2008,178195.35,181000
1,3,3,0,0,21,2,4,2,1,12,13,2,2,4,2,0,1,3,6,6,0,1,5,2,6,2,1,2,5,5,2,6,5,120,47.0,4230,7,5,2006,2007,0.0,0,1352,1352.0,1352,0,1352,0,0,2,0,2,1,5,1,2006.0,2,466,0,241,0,4,2007,194225.76,208900
3,0,3,4,0,3,6,0,0,1,0,10,2,3,4,2,1,4,3,6,6,2,1,5,3,6,3,1,3,5,5,2,8,4,50,92.0,7438,5,8,1908,1991,0.0,0,504,504.0,936,316,1252,0,0,1,0,3,1,5,0,1986.0,2,576,104,0,0,6,2006,123393.87,127000
3,3,3,4,0,16,2,0,5,1,12,13,1,2,4,2,2,4,3,2,6,0,1,5,2,6,2,3,2,5,5,2,8,4,60,85.0,10625,7,5,2003,2004,292.0,866,132,998.0,1006,1040,2046,1,0,2,1,3,1,8,1,2003.0,3,871,320,62,0,8,2008,249066.98,284000
3,0,0,4,0,4,2,0,0,1,8,8,2,3,4,1,4,4,3,5,1,4,1,5,0,0,2,6,1,3,3,2,8,4,50,138.0,18030,5,6,1946,1994,0.0,152,977,1598.0,1636,971,3086,0,0,3,0,3,1,12,1,1978.5061638868744,0,0,122,0,0,3,2007,178092.1,200500
3,0,3,4,0,12,2,0,2,1,12,13,2,3,4,1,4,4,3,0,6,0,1,0,3,6,3,5,3,5,5,2,8,4,20,70.04995836802665,8475,4,7,1956,1956,0.0,228,724,952.0,952,0,952,0,0,1,0,2,1,4,0,1956.0,1,283,0,0,0,4,2008,112674.25,135750
3,0,3,0,0,21,2,0,2,1,12,13,3,2,4,2,2,4,3,2,6,0,1,5,2,6,2,1,2,5,5,2,8,4,20,116.0,13501,8,5,2006,2006,208.0,63,1560,1623.0,1636,0,1636,1,0,2,0,3,1,8,1,2006.0,3,865,0,60,0,6,2007,261653.15,255000
3,3,3,4,0,12,2,0,2,1,6,6,2,3,4,1,4,4,3,5,6,4,1,5,3,6,2,1,2,5,5,2,8,4,20,80.0,9200,6,6,1965,1965,0.0,892,244,1136.0,1136,0,1136,1,0,1,0,3,1,5,1,1965.0,1,384,426,0,0,7,2008,150087.5,140000
3,3,3,4,0,12,2,0,0,1,12,14,2,3,4,1,4,4,3,5,1,2,1,0,3,2,3,1,3,5,5,2,8,4,50,60.0,7200,5,4,1950,1982,0.0,180,676,1208.0,1136,768,1904,1,0,1,1,3,1,7,0,1950.0,1,240,0,0,168,5,2009,134805.36,138000
3,3,3,4,0,5,2,0,5,1,12,13,2,2,4,2,2,4,3,6,6,0,1,5,2,6,2,3,0,5,5,2,8,4,60,65.0,8200,7,5,2003,2004,0.0,0,847,847.0,847,1081,1928,0,0,2,1,4,1,8,1,2003.0,2,434,100,48,0,7,2007,202275.91,219500
3,0,3,0,0,15,2,0,5,1,8,8,2,2,2,2,2,1,3,2,6,0,1,5,2,6,5,1,2,5,5,2,8,0,60,70.04995836802665,14541,8,7,1993,1993,0.0,1012,326,1338.0,1352,1168,2520,1,0,2,1,5,1,10,1,1993.0,3,796,209,55,0,11,2006,309370.05,310000
4,3,3,4,0,17,2,0,2,1,3,3,2,3,4,2,3,2,4,4,4,2,1,0,3,6,3,5,3,5,5,2,8,4,20,70.0,12702,5,5,1956,1956,0.0,0,0,0.0,882,0,882,0,0,1,0,2,1,4,0,1956.0,1,308,0,45,0,12,2008,107118.15,97000
4,3,3,4,0,3,2,0,0,1,13,14,2,3,4,2,4,4,3,6,6,4,1,5,3,6,2,5,3,5,5,2,8,4,50,52.0,6240,6,6,1934,1950,0.0,0,816,816.0,816,0,1176,0,0,1,0,3,1,6,1,1985.0,2,528,112,0,0,9,2006,125150.82,114500
3,0,3,4,0,20,2,0,5,1,12,13,2,2,4,2,2,4,3,2,6,0,1,5,2,6,1,1,2,5,5,2,8,4,60,70.04995836802665,8880,7,5,1994,2002,0.0,695,253,948.0,1222,888,2110,1,0,2,1,3,1,8,2,1994.0,2,463,0,130,0,5,2010,242830.12,205000
3,0,3,4,0,12,2,0,2,1,6,8,2,3,4,1,4,4,3,1,3,4,1,5,3,6,3,5,3,5,5,2,8,4,20,61.0,9758,5,5,1971,1971,0.0,412,251,950.0,950,0,950,0,0,1,0,3,1,5,0,1981.0,1,280,0,0,0,7,2007,120206.0,119500
3,3,3,4,0,16,2,0,2,3,12,13,1,0,4,2,0,4,3,6,6,0,1,5,0,6,2,1,2,5,5,2,6,5,20,98.0,12704,8,5,2008,2009,306.0,0,2042,2042.0,2042,0,2042,0,0,2,1,3,1,8,1,2009.0,3,1390,0,90,0,8,2009,368852.28,253293
3,0,3,4,0,19,2,0,2,3,13,14,1,3,4,1,4,4,3,5,6,4,1,5,3,6,3,5,3,5,5,2,8,4,20,70.04995836802665,9945,5,5,1961,1961,57.0,827,161,988.0,988,0,988,1,0,1,0,3,1,5,0,1963.0,2,572,0,0,0,10,2007,133572.2,128500
4,3,3,4,0,17,2,0,5,1,13,14,2,3,4,0,4,4,2,6,6,4,1,5,1,6,3,5,3,1,5,0,8,4,70,90.0,9900,6,4,1880,1950,0.0,0,1008,1008.0,1178,1032,2210,0,0,2,0,5,1,8,0,1930.0,1,205,0,48,0,5,2007,149271.25,117500
3,0,3,4,0,12,2,0,2,1,13,14,2,3,4,1,4,4,3,5,3,4,1,5,3,6,3,1,3,5,5,2,8,0,20,66.0,7800,5,5,1964,1964,0.0,312,0,912.0,912,0,912,0,0,1,0,2,1,5,0,1964.0,1,288,0,0,0,11,2006,116862.0,115000
3,3,3,4,0,19,2,0,2,1,6,6,2,3,4,1,4,4,3,1,6,0,1,5,3,6,3,1,3,5,5,2,8,4,20,66.0,7742,5,7,1966,1966,0.0,763,192,955.0,955,0,955,1,0,1,0,3,1,6,0,1966.0,1,386,0,0,0,1,2007,128237.43,127000
3,0,3,0,0,16,2,0,5,1,5,5,3,0,4,2,0,4,1,2,6,0,1,5,0,6,2,3,2,5,5,2,4,4,60,97.0,13478,10,5,2008,2008,420.0,1338,384,1722.0,1728,568,2296,1,0,2,1,3,1,10,1,2008.0,3,842,382,274,0,6,2009,392055.09,451950
3,3,3,4,0,12,1,0,0,1,8,8,1,3,4,1,4,4,3,1,6,4,1,0,3,6,3,1,3,5,5,2,8,4,50,78.0,11344,5,5,1958,1958,180.0,460,414,874.0,874,650,1524,0,0,1,1,3,1,7,0,1958.0,1,315,0,0,0,7,2007,147796.71,144000
3,3,3,4,0,12,2,0,2,1,8,8,2,3,4,1,4,4,3,1,5,4,1,5,3,6,3,1,3,5,5,2,8,4,20,60.0,7200,5,7,1950,1950,0.0,534,246,876.0,988,0,988,0,0,1,0,3,1,6,0,1950.0,1,276,0,80,0,5,2007,121939.5,119000
3,0,3,4,1,11,2,0,2,1,9,7,2,3,4,2,4,4,1,0,6,4,1,5,2,6,5,1,2,5,5,2,8,4,20,70.04995836802665,9819,6,5,1977,1977,0.0,1567,0,1567.0,1567,0,1567,1,0,2,0,2,1,5,2,1977.0,2,714,264,32,0,5,2009,200525.5,196000
4,3,3,4,0,10,2,4,5,1,5,5,2,3,4,2,2,4,2,6,6,4,1,5,3,6,2,3,0,5,5,2,8,4,160,70.04995836802665,2665,5,6,1976,1976,0.0,0,264,264.0,616,688,1304,0,0,1,1,3,1,4,1,1976.0,1,336,141,24,0,6,2008,117999.54,115000
3,0,3,0,0,23,2,0,2,3,10,6,2,2,4,1,2,4,0,0,3,4,1,5,2,6,2,1,0,5,5,2,0,0,20,70.04995836802665,15498,8,6,1976,1976,0.0,1165,0,1565.0,2898,0,2898,1,0,2,0,2,1,10,1,1976.0,2,665,0,72,174,5,2008,354413.51,287000
4,3,3,4,0,5,2,4,2,1,12,13,1,2,4,2,2,4,1,2,6,0,1,5,2,6,2,1,0,5,5,2,3,4,120,70.04995836802665,4438,6,5,2004,2004,169.0,662,186,848.0,848,0,848,1,0,1,0,1,1,4,1,2004.0,2,420,140,0,0,6,2008,141255.6,144500
3,3,3,4,0,5,2,0,2,1,12,13,2,2,4,2,2,4,0,2,6,0,1,5,2,6,3,1,0,5,5,2,8,4,20,78.0,11645,7,5,2005,2005,0.0,1300,434,1734.0,1734,0,1734,1,0,2,0,3,1,7,0,2005.0,2,660,160,24,0,1,2006,242498.75,260000
3,3,3,4,0,20,2,0,5,1,6,6,1,2,4,2,2,4,3,0,6,0,1,5,2,6,5,1,3,5,5,2,8,4,60,75.0,9317,7,5,1993,1993,137.0,513,227,740.0,1006,769,1775,1,0,2,1,3,1,7,1,1993.0,2,425,234,72,192,7,2009,198901.05,213000
3,0,3,0,0,14,2,0,2,1,12,13,2,3,4,2,2,4,0,0,3,4,1,5,0,6,3,1,2,5,5,2,8,0,20,70.04995836802665,15611,5,6,1977,1977,0.0,767,266,1126.0,1126,0,1126,0,1,2,0,3,1,6,0,1977.0,2,540,180,0,0,3,2008,153846.0,175000
3,3,3,4,0,7,2,0,7,1,9,10,2,3,4,1,4,4,0,0,1,4,1,5,3,6,5,5,3,5,5,2,8,0,80,94.0,7819,6,5,1976,1976,0.0,422,480,1029.0,1117,0,1117,1,0,1,0,3,1,6,1,1976.0,2,672,144,0,0,3,2010,145067.75,107000
3,3,3,4,0,12,2,0,2,1,12,13,2,3,4,3,3,2,4,4,4,0,1,5,3,4,4,5,3,5,5,2,8,4,20,60.0,7200,5,7,1955,2007,0.0,0,0,0.0,827,0,827,0,0,1,0,2,1,5,1,1967.0,1,392,0,0,0,4,2010,110148.5,107500
4,0,3,4,0,3,1,0,2,1,8,8,2,3,4,0,4,4,3,6,6,1,0,5,1,6,3,5,3,1,5,2,8,4,30,60.0,6324,4,6,1927,1950,0.0,0,520,520.0,520,0,520,0,0,1,0,1,1,4,0,1920.0,1,240,49,0,87,5,2008,80134.5,68500
3,3,3,4,0,12,2,0,2,3,3,3,2,3,4,1,4,4,3,3,5,0,1,5,2,6,3,1,2,5,5,2,8,4,20,75.0,7500,5,7,1959,1994,0.0,340,0,1246.0,1246,0,1246,1,0,1,1,3,1,6,0,1959.0,1,305,218,0,0,5,2010,145104.0,154000
3,3,3,4,0,16,2,0,5,1,12,13,1,2,4,2,0,4,0,6,6,0,1,5,2,6,2,3,2,5,5,2,8,4,60,76.0,9591,8,5,2004,2005,344.0,0,1143,1143.0,1143,1330,2473,0,0,2,1,4,1,9,1,2004.0,3,852,192,151,0,10,2007,309050.12,317000
3,0,3,4,0,21,2,0,2,1,12,13,3,2,4,2,2,4,3,6,6,0,1,5,0,6,2,1,0,5,5,2,6,5,20,75.0,14587,9,5,2008,2008,284.0,0,1498,1498.0,1506,0,1506,0,0,2,0,2,1,6,1,2008.0,2,592,0,174,0,8,2008,270666.0,264132
3,0,1,0,0,23,2,0,2,1,12,13,3,2,4,2,0,4,1,2,6,0,1,5,2,6,2,1,0,5,5,2,6,5,20,93.0,15306,8,5,2006,2007,100.0,80,1652,1732.0,1776,0,1776,1,0,2,0,3,1,7,1,2006.0,3,712,0,0,0,5,2007,273182.17,283463
3,3,3,0,0,7,2,0,2,1,14,15,2,3,4,1,4,1,0,0,6,4,1,5,2,6,2,1,3,5,5,2,8,4,20,84.0,12615,6,7,1950,2001,0.0,477,725,1202.0,2158,0,2158,1,0,2,0,4,1,7,1,1950.0,2,576,0,29,39,6,2007,212694.7,243000
3,3,3,4,0,17,2,0,0,1,8,8,2,3,4,1,4,4,3,6,6,2,1,0,3,6,3,5,3,5,5,2,8,4,50,60.0,10134,5,6,1940,1950,0.0,0,735,735.0,735,299,1034,0,0,1,0,2,1,5,0,1940.0,1,240,0,39,0,7,2007,113239.41,109000
3,3,3,4,0,23,2,0,5,3,12,13,3,2,4,2,2,4,1,2,6,0,1,5,2,6,2,1,0,5,5,2,8,4,60,85.0,12244,8,5,2003,2003,226.0,871,611,1482.0,1482,780,2262,1,0,2,1,4,1,10,2,2003.0,3,749,168,0,0,8,2008,314011.87,305000
3,3,3,4,0,11,2,0,2,1,6,6,2,3,4,2,2,4,2,1,6,4,1,5,3,6,3,6,1,3,3,2,7,0,20,63.0,10712,5,5,1991,1992,0.0,212,762,974.0,974,0,974,0,0,1,0,3,1,5,0,1978.5061638868744,0,0,0,28,0,9,2007,115821.0,93500
1,3,3,0,0,21,2,4,5,1,8,8,1,3,4,2,2,4,3,2,6,2,1,5,3,6,1,5,3,5,5,2,8,4,160,34.0,3230,6,5,1999,1999,1129.0,419,310,729.0,729,729,1458,0,0,2,1,2,1,5,1,1999.0,2,440,0,32,0,6,2007,166519.6,176000
3,3,0,4,0,20,2,2,2,1,9,10,2,3,4,3,3,2,4,4,4,4,1,5,3,6,3,1,3,5,5,2,8,2,90,64.0,7018,5,5,1979,1979,0.0,0,0,0.0,1535,0,1535,0,0,2,0,4,2,8,0,1979.0,2,400,0,0,0,6,2009,128866.35,118858
3,3,3,4,0,19,1,0,2,3,6,6,2,3,4,1,4,4,3,1,3,0,1,5,3,6,5,1,3,5,5,2,8,4,20,55.0,8250,5,5,1968,1968,0.0,250,210,952.0,1211,0,1211,0,0,1,0,3,1,5,1,1968.0,1,322,0,63,0,8,2008,131174.75,134000
3,0,3,4,0,12,2,0,2,3,8,8,2,3,4,1,4,4,3,5,6,0,1,5,3,6,3,5,3,5,5,2,8,4,20,77.0,8593,4,6,1957,1957,0.0,288,619,907.0,907,0,907,0,0,1,0,3,1,5,0,1964.0,1,352,0,0,0,7,2008,112454.0,109008
3,3,3,4,0,12,2,2,2,1,11,11,2,3,4,1,3,2,4,4,4,2,0,1,3,6,3,5,3,5,5,2,8,4,90,60.0,8544,3,4,1950,1950,0.0,0,0,0.0,1040,0,1040,0,0,2,0,2,2,6,0,1949.0,2,400,0,0,0,7,2006,94018.5,93500
3,0,3,4,0,16,2,0,2,3,12,13,3,0,4,2,0,4,1,2,6,0,1,5,0,6,2,1,0,5,5,2,6,5,20,100.0,12919,9,5,2009,2010,760.0,2188,142,2330.0,2364,0,2364,1,0,2,1,2,1,11,2,2009.0,3,820,0,67,0,3,2010,462986.34,611657
3,3,1,4,0,4,2,0,2,1,13,14,2,3,4,2,2,4,2,2,6,0,1,5,2,6,2,1,3,5,5,2,8,4,120,70.04995836802665,2887,6,5,1996,1997,0.0,1003,288,1291.0,1291,0,1291,1,0,1,0,2,1,6,1,1996.0,2,431,307,0,0,11,2008,174210.25,173000
3,3,3,4,0,15,2,0,5,1,12,13,1,2,4,2,2,4,3,2,6,0,1,5,2,6,5,1,0,5,5,2,8,4,60,82.0,9452,8,5,1997,1998,423.0,1074,322,1396.0,1407,985,2392,1,0,2,1,3,1,7,1,1997.0,3,870,0,70,0,6,2006,306784.13,348000
3,3,3,4,0,15,2,0,5,3,13,7,1,2,4,2,2,4,1,2,6,0,1,5,2,6,5,1,2,5,5,2,8,4,60,96.0,10542,7,5,1993,1994,651.0,1173,138,1311.0,1325,1093,2418,1,0,2,1,3,1,9,1,1993.0,3,983,250,154,216,8,2008,289521.22,341000
3,3,3,4,0,12,2,0,2,1,3,14,2,3,4,1,4,4,3,0,1,0,1,0,3,6,3,1,2,5,5,2,8,4,20,70.0,7945,5,6,1959,1959,0.0,179,465,1150.0,1150,0,1150,1,0,1,0,3,1,6,0,1959.0,1,300,0,0,0,5,2006,138718.5,141000
3,3,0,4,0,5,2,0,2,1,6,6,2,3,4,1,4,4,0,0,6,0,1,5,3,6,3,5,3,5,5,2,8,4,20,60.0,7200,5,7,1972,1972,0.0,632,148,780.0,780,0,780,0,0,1,0,2,1,4,0,1973.0,1,352,196,0,0,1,2008,121666.33,124900
4,3,3,4,0,2,2,3,5,1,6,6,1,3,4,1,4,4,3,0,6,2,1,5,2,6,3,5,3,5,5,2,8,4,160,21.0,1680,6,8,1972,2007,510.0,162,321,483.0,483,504,987,0,0,1,1,2,1,5,0,1972.0,1,264,250,0,0,5,2009,98383.82,118000
4,3,3,0,0,9,2,0,2,1,8,8,2,3,1,0,1,3,3,6,6,2,1,3,3,1,3,5,3,4,4,0,8,0,30,60.0,8967,5,2,1920,1950,0.0,0,961,961.0,1077,0,1077,0,0,1,0,2,1,6,0,1920.0,1,338,0,0,0,11,2007,100223.5,67000
3,3,1,4,1,11,0,0,2,3,6,6,2,3,4,1,4,4,3,6,6,0,1,0,3,6,3,1,2,5,5,0,8,4,20,100.0,21750,5,5,1954,1954,0.0,0,988,988.0,988,0,988,0,0,1,0,2,1,4,0,1954.0,2,520,0,0,0,2,2008,133672.5,113000
4,3,3,4,0,17,0,0,2,1,8,8,2,3,4,0,1,4,3,6,6,2,1,0,3,6,3,1,3,5,5,2,8,4,30,50.0,5784,5,8,1938,1996,0.0,0,190,190.0,886,0,886,0,0,1,0,2,1,4,0,1938.0,1,273,144,20,80,12,2009,101803.69,91300
3,3,3,4,0,19,2,0,5,3,6,6,1,3,4,1,4,4,3,0,6,4,1,5,3,6,5,1,0,5,5,2,8,4,60,74.0,7844,6,7,1978,1978,203.0,209,463,672.0,672,728,1400,0,0,1,1,3,1,6,1,1978.0,2,440,0,0,0,3,2006,157170.99,149500
4,3,3,4,0,3,2,0,0,1,0,0,2,3,4,0,4,4,3,6,6,0,1,5,2,6,3,5,3,5,5,2,8,4,50,51.0,6120,4,7,1935,1995,0.0,0,884,884.0,989,584,1573,0,0,1,0,3,1,6,0,1935.0,1,240,0,0,54,7,2009,129760.95,133000
1,3,3,4,0,21,2,0,5,1,12,13,2,2,4,2,2,4,2,6,6,2,1,5,2,6,2,1,2,5,5,2,6,5,60,84.0,10728,8,5,2006,2006,0.0,0,1095,1095.0,1095,844,1939,0,0,2,1,3,1,8,1,2006.0,3,1053,192,51,0,8,2006,256719.51,266000
3,0,2,4,1,4,2,0,2,1,13,14,2,3,4,2,2,4,1,2,6,2,1,5,2,6,5,1,2,5,5,2,8,0,120,70.04995836802665,5271,7,5,1986,1986,0.0,1082,371,1453.0,1453,0,1453,1,0,1,1,2,1,6,1,1986.0,2,445,0,80,0,12,2006,188092.74,190000
4,3,3,4,0,5,2,4,2,1,12,13,1,2,4,2,2,4,2,2,6,0,1,5,2,6,2,1,2,5,5,2,8,4,120,37.0,4435,6,5,2004,2004,169.0,662,186,848.0,848,0,848,1,0,1,0,1,1,3,1,2004.0,2,420,140,0,0,5,2006,138747.0,155900
3,0,3,0,0,5,2,0,5,1,12,13,2,2,4,2,2,4,3,6,6,0,1,5,2,6,5,1,0,5,5,2,6,5,60,85.0,11103,7,5,2006,2006,0.0,0,728,728.0,728,728,1456,0,0,2,1,3,1,8,1,2006.0,2,440,0,0,0,7,2007,178842.87,155835
4,3,3,4,0,17,2,0,2,1,12,13,2,3,4,0,4,4,3,5,6,2,1,5,3,3,3,5,3,5,5,2,0,4,30,90.0,8100,5,6,1948,1973,0.0,338,1221,1559.0,1559,0,1559,1,0,1,0,2,1,5,0,1948.0,2,812,0,116,230,6,2007,141103.72,153500
3,3,3,4,0,14,6,0,5,4,14,6,1,3,4,1,4,4,3,5,1,0,1,5,3,2,3,1,0,5,5,2,8,4,60,80.0,10793,5,5,1969,1969,263.0,493,0,780.0,780,840,1620,0,0,2,1,4,1,7,0,1969.0,2,462,208,0,0,4,2007,158718.06,152000
3,3,3,0,0,11,2,0,2,1,6,7,2,3,4,1,4,4,1,0,6,4,1,5,3,6,3,1,3,5,5,2,8,4,20,76.0,8314,5,7,1982,1982,0.0,546,270,816.0,816,0,816,0,0,1,0,2,1,5,0,1982.0,1,264,168,0,0,6,2007,125003.43,124500
3,0,3,4,0,20,2,0,5,1,9,10,1,2,4,1,4,4,1,3,0,0,1,5,2,6,5,1,0,5,5,2,8,4,60,86.0,10380,7,5,1986,1987,172.0,28,0,1502.0,1553,1177,2730,1,0,2,1,4,1,8,1,1987.0,2,576,201,96,0,8,2007,266172.56,301000
3,3,3,4,0,19,2,2,2,3,6,6,2,3,4,1,4,4,3,6,6,4,0,5,3,6,3,6,1,3,3,2,8,4,90,72.0,10778,4,5,1968,1968,0.0,0,1768,1768.0,1768,0,1768,0,0,2,0,4,2,8,0,1978.5061638868744,0,0,0,0,0,4,2010,122301.98,136500
3,3,3,4,0,8,6,0,2,1,12,13,2,2,4,2,2,4,3,2,6,0,1,5,2,6,2,1,0,5,5,2,6,5,20,65.0,10237,6,5,2005,2006,0.0,28,1288,1316.0,1316,0,1316,0,0,2,0,3,1,6,1,2005.0,2,397,100,0,0,10,2006,177100.18,169990
3,3,3,4,0,3,2,0,0,1,13,14,2,2,2,0,4,4,3,6,6,2,0,5,0,6,3,5,3,5,5,2,8,4,50,55.0,7264,7,7,1925,2007,0.0,0,952,952.0,952,596,1548,0,0,2,1,3,1,5,0,1978.0,2,672,74,0,0,10,2009,171600.35,205000
1,3,3,3,0,21,2,4,5,3,8,8,1,2,4,2,2,4,3,2,6,0,1,5,2,6,3,5,3,5,5,2,8,4,160,35.0,3735,7,5,1999,1999,218.0,450,241,691.0,713,739,1452,1,0,2,1,3,1,6,0,1999.0,2,506,0,34,0,3,2006,164490.44,183900
3,0,3,4,0,5,2,0,2,1,12,13,2,2,4,2,2,4,2,6,6,0,1,5,2,6,3,1,2,5,5,2,6,5,20,73.0,8990,7,5,2006,2006,0.0,0,1498,1498.0,1498,0,1498,0,0,2,0,2,1,5,0,2006.0,2,675,351,33,0,4,2006,219931.2,204900
3,0,3,0,0,14,2,0,5,1,5,5,1,2,4,1,2,4,3,2,6,4,1,5,0,6,5,1,2,5,5,2,8,4,60,94.0,13005,7,7,1980,1980,278.0,692,153,845.0,1153,1200,2353,1,0,2,1,4,1,10,1,1983.0,2,484,288,195,0,8,2009,244046.55,260000
3,2,3,4,0,12,4,0,2,1,9,10,2,3,4,1,2,4,3,3,6,2,1,5,3,6,5,1,3,5,5,2,8,4,20,70.04995836802665,12155,6,3,1970,1970,0.0,1237,420,1657.0,1657,0,1657,0,1,2,0,3,1,7,1,1970.0,2,484,0,0,0,3,2007,177085.5,163500
3,3,3,4,0,5,2,0,5,1,12,13,1,2,4,2,2,4,3,2,6,0,1,5,2,6,3,1,2,5,5,2,8,4,60,65.0,8158,7,5,2003,2003,252.0,550,334,884.0,884,884,1768,1,0,2,1,3,1,8,0,2003.0,2,543,0,63,0,7,2008,208525.99,224900
3,0,3,4,0,12,2,0,2,1,9,10,1,3,2,1,2,4,1,0,6,0,1,5,3,6,2,1,0,5,5,2,8,4,20,95.0,13651,7,6,1973,1973,1115.0,1880,343,2223.0,2223,0,2223,1,0,2,0,3,1,8,2,1973.0,2,516,300,0,0,2,2007,258903.69,244000
4,3,3,0,0,3,2,0,1,1,13,14,2,3,4,0,4,4,3,6,6,0,1,0,3,6,3,5,3,5,5,2,8,4,45,51.0,6120,7,8,1929,2001,0.0,0,832,832.0,854,0,854,0,0,1,0,2,1,5,0,1991.0,2,576,48,112,0,7,2007,146452.58,132000
3,0,3,2,0,24,1,0,7,1,9,10,2,3,4,2,2,4,1,0,5,0,1,5,2,6,5,1,3,5,5,2,8,4,80,70.04995836802665,16157,5,7,1978,1978,0.0,680,289,1360.0,1432,0,1432,1,0,1,1,2,1,5,1,1978.0,2,588,168,180,0,6,2007,184138.9,194000
3,3,3,4,0,12,2,0,2,3,3,3,2,3,4,1,4,4,3,0,5,2,1,5,3,6,2,1,2,5,5,2,8,4,20,70.0,8400,6,3,1957,1957,0.0,189,628,1478.0,1478,0,1478,1,0,1,1,3,1,6,2,1957.0,2,442,114,0,0,6,2009,157751.5,156500
3,3,3,4,0,12,2,0,2,1,9,10,2,3,4,1,4,4,3,2,3,2,1,5,2,6,3,5,2,5,5,2,8,4,20,61.0,7930,6,8,1969,2005,0.0,439,115,1026.0,1026,0,1026,1,0,1,0,3,1,5,0,1969.0,2,440,171,48,0,7,2009,141872.0,156000
3,0,2,1,1,22,2,0,2,1,6,6,2,2,4,2,2,4,1,2,6,4,1,5,2,6,5,1,2,5,5,2,8,4,120,70.04995836802665,6563,8,5,1985,1985,0.0,1148,594,1742.0,1742,0,1742,1,0,2,0,2,1,5,1,1985.0,2,564,114,28,234,12,2006,284208.77,275000
3,1,3,4,0,5,2,0,2,1,12,13,2,3,4,2,2,4,3,2,6,0,1,5,3,6,3,5,3,5,5,2,8,4,20,57.0,9245,5,5,1994,1995,0.0,686,304,990.0,990,0,990,0,1,1,0,3,1,5,0,1996.0,2,672,0,0,0,2,2008,143852.42,145000
3,0,1,4,2,12,2,0,5,1,9,10,1,3,4,2,2,4,0,5,6,4,1,5,1,6,5,1,3,5,5,2,8,3,60,70.0,11606,5,5,1969,1969,192.0,650,390,1040.0,1040,1040,2080,0,1,1,2,5,1,9,2,1969.0,2,504,335,0,0,9,2007,184818.53,135000
4,3,3,4,0,3,2,0,2,1,0,0,2,1,1,0,4,0,3,6,6,1,0,0,1,0,4,6,1,3,3,0,5,4,30,51.0,6120,2,3,1936,1950,0.0,0,264,264.0,800,0,800,0,0,1,0,1,1,4,1,1978.5061638868744,0,0,0,0,0,1,2009,62668.5,60000
3,3,1,4,1,5,2,0,2,1,6,6,1,3,4,1,2,4,3,5,6,4,1,5,3,6,3,6,1,3,3,2,8,4,20,60.0,8430,5,5,1978,1978,136.0,616,424,1040.0,1040,0,1040,0,0,2,0,3,1,5,0,1978.5061638868744,0,0,0,0,0,8,2009,130433.5,124000
3,0,3,0,0,19,2,0,2,1,6,6,2,3,2,1,4,4,3,0,6,0,1,5,3,6,3,5,3,5,5,2,8,4,20,70.04995836802665,6897,5,8,1962,2010,0.0,659,381,1040.0,1040,0,1040,1,0,1,1,3,1,6,0,1962.0,1,260,0,104,0,4,2010,135809.25,127000
4,3,3,4,0,3,2,0,5,1,8,8,2,3,4,0,4,4,2,6,6,0,1,5,3,6,3,5,3,1,1,0,8,4,70,51.0,6120,5,8,1920,2004,0.0,0,939,939.0,939,574,1513,0,0,1,1,4,1,8,0,1933.0,1,180,24,0,150,5,2007,137251.22,137500
3,0,3,4,0,5,2,0,5,1,12,13,2,2,4,2,2,4,0,6,6,0,1,5,2,6,3,1,2,5,5,2,8,4,60,79.0,9245,7,5,2006,2006,0.0,0,939,939.0,939,858,1797,0,0,2,1,3,1,8,0,2006.0,2,639,144,53,0,4,2007,215649.58,213500
4,3,3,0,0,17,2,0,2,1,8,8,3,3,2,1,4,4,3,1,6,4,1,5,2,6,2,1,3,5,5,2,8,0,30,60.0,7200,5,7,1940,1992,294.0,510,278,788.0,804,0,804,1,0,1,0,2,1,4,2,1940.0,1,240,0,0,154,2,2010,117093.54,119000
4,3,3,0,0,17,2,0,2,1,8,8,2,3,4,1,4,4,3,6,6,0,1,5,3,6,3,5,3,1,5,2,8,4,20,50.0,6000,4,7,1954,2000,0.0,0,901,901.0,901,0,901,0,0,1,0,2,1,4,0,1954.0,1,281,0,0,0,8,2008,110055.04,107900
3,3,3,4,0,12,2,0,2,1,8,8,2,3,4,1,4,4,3,6,6,4,1,5,3,6,3,5,3,5,5,2,8,4,20,70.0,8294,4,5,1971,1971,0.0,0,858,858.0,872,0,872,0,0,1,0,3,1,5,0,1974.0,4,480,0,0,0,6,2007,108224.83,123000
4,3,3,4,0,19,5,2,0,1,12,13,2,3,4,3,3,2,4,4,4,4,1,5,3,6,3,1,3,5,5,2,8,4,90,68.0,8930,6,5,1978,1978,0.0,0,0,0.0,1318,584,1902,0,0,2,0,4,2,8,0,1978.0,2,539,0,0,0,4,2010,150828.14,112000
3,0,3,4,0,16,2,0,2,1,12,13,1,2,4,2,2,4,3,2,4,0,1,5,2,6,2,1,2,5,5,2,8,4,20,85.0,10655,8,5,2003,2004,296.0,1124,1603,3206.0,1629,0,1629,1,0,2,0,3,1,7,1,2003.0,3,880,0,0,0,10,2009,284502.72,284000
2,3,3,4,0,12,2,4,6,1,8,8,1,3,4,2,2,4,0,2,3,0,1,5,3,6,3,1,0,5,5,2,8,4,120,34.0,4058,7,5,1998,1998,182.0,584,0,723.0,767,0,767,1,0,1,0,1,1,4,0,1998.0,1,367,120,40,0,6,2007,153271.55,133000
4,3,3,4,0,5,2,4,2,1,12,13,1,2,4,2,2,4,0,2,6,0,1,5,2,6,2,1,2,5,5,2,8,4,120,70.04995836802665,4438,6,5,2004,2004,205.0,662,186,848.0,848,0,848,1,0,1,0,1,1,3,1,2004.0,2,420,149,0,0,1,2008,143138.0,149000
3,0,1,4,0,8,2,0,5,1,12,13,2,3,4,2,2,4,0,6,6,2,1,5,3,6,5,1,0,5,5,2,8,4,60,57.0,8773,6,5,1997,1997,0.0,0,916,916.0,916,684,1600,0,0,2,1,3,1,7,1,1997.0,2,460,100,38,0,8,2007,177500.8,169000
3,3,0,4,0,3,2,0,0,2,13,14,2,3,4,0,4,4,3,6,6,2,1,5,2,6,2,5,3,5,5,0,8,4,50,64.0,13053,6,7,1923,2000,0.0,0,833,833.0,1053,795,1848,0,0,1,1,4,1,8,1,1922.0,2,370,0,0,0,6,2008,186987.9,207000
3,0,3,0,0,23,2,0,2,1,6,6,2,3,4,1,2,4,2,2,6,4,1,5,2,6,5,1,3,5,5,2,8,4,20,130.0,11457,6,5,1988,1988,0.0,1005,387,1392.0,1412,0,1412,1,0,2,0,3,1,6,1,1988.0,2,576,0,0,169,3,2009,172517.82,175000
3,0,3,1,0,19,2,0,2,3,6,10,1,3,4,1,4,4,3,1,3,4,1,5,3,6,3,1,3,5,5,2,8,4,20,70.04995836802665,13526,5,6,1965,1965,114.0,560,0,935.0,935,0,935,1,0,1,0,3,1,5,0,1965.0,1,288,180,0,0,11,2006,134656.5,137000
3,0,3,4,0,8,2,0,5,1,12,13,2,2,4,2,2,4,3,2,6,0,1,5,2,6,5,3,0,5,5,2,8,4,60,70.04995836802665,8795,7,5,2000,2000,0.0,300,652,952.0,980,1276,2256,0,0,2,1,4,1,8,1,2000.0,2,554,224,54,0,4,2009,243306.35,236000
4,3,3,4,0,3,6,0,2,1,12,13,2,3,4,0,4,4,3,6,6,4,1,0,3,6,3,5,3,5,5,1,8,4,40,50.0,9100,5,6,1930,1960,0.0,0,742,742.0,779,0,935,0,0,1,0,2,1,4,0,1988.0,1,308,0,0,0,8,2008,111653.33,79500
3,3,3,4,0,5,2,0,2,1,12,13,2,3,4,2,2,4,3,6,6,0,1,5,2,6,3,1,3,5,5,2,8,4,20,75.0,9525,5,6,1995,2006,0.0,0,1099,1099.0,1099,0,1099,0,0,1,1,3,1,6,0,1999.0,1,352,278,0,0,6,2008,141475.5,144000
3,3,3,4,0,14,2,0,5,1,6,6,2,3,4,2,2,4,3,2,6,4,1,5,3,6,5,1,2,5,5,2,8,4,60,78.0,10140,7,5,1976,1976,0.0,194,638,832.0,832,832,1664,0,0,2,1,4,1,8,1,1976.0,2,528,0,28,0,3,2006,182050.15,162900
3,3,3,4,0,5,2,0,5,1,12,13,2,2,4,2,2,4,3,2,6,0,1,5,2,6,3,1,2,5,5,2,8,4,60,64.0,8320,7,5,2004,2004,0.0,490,280,770.0,770,812,1582,0,0,2,1,3,1,6,0,2004.0,2,520,0,45,0,9,2008,186569.15,185900
3,3,3,4,0,23,2,0,2,3,12,13,1,2,4,2,0,4,1,2,6,0,1,5,2,6,2,1,2,5,5,2,6,5,20,88.0,11443,8,5,2005,2006,208.0,1460,408,1868.0,2028,0,2028,1,0,2,0,2,1,7,2,2005.0,3,880,326,66,0,3,2006,375242.38,369900
3,3,3,0,0,5,2,0,5,1,12,13,2,3,4,2,2,4,0,6,6,0,1,5,2,6,3,1,2,5,5,2,8,4,60,80.0,10400,7,5,1998,1998,0.0,0,866,866.0,866,913,1779,0,0,2,1,3,1,6,0,1998.0,2,546,198,36,0,3,2009,202631.72,197900
4,3,3,0,0,17,2,0,3,1,13,14,2,3,4,1,4,4,3,6,6,0,1,5,3,6,3,6,1,3,3,2,8,0,75,92.0,5520,6,6,1912,1950,0.0,0,755,755.0,929,929,2229,0,0,1,0,5,1,8,0,1978.5061638868744,0,0,0,198,30,7,2009,144940.25,104000
0,3,3,4,0,9,2,0,2,1,0,0,2,3,4,1,4,4,0,1,6,4,0,0,3,6,3,5,3,5,5,2,8,0,20,50.0,9000,2,3,1949,1950,0.0,50,430,480.0,480,0,480,1,0,0,0,1,1,4,0,1958.0,1,308,0,0,0,10,2006,79947.0,35311
3,3,3,2,0,16,2,0,2,3,5,5,3,0,4,2,0,4,1,2,6,0,1,5,0,6,2,1,0,5,5,2,8,4,20,96.0,12456,10,5,2006,2007,230.0,1172,528,1700.0,1718,0,1718,1,0,2,0,3,1,7,1,2008.0,3,786,216,48,0,7,2009,323286.46,337500
3,3,3,0,0,16,2,4,2,3,8,8,1,0,4,2,0,4,3,2,6,0,1,5,0,6,2,1,0,5,5,2,6,5,120,65.0,8769,9,5,2008,2008,766.0,1540,162,1702.0,1702,0,1702,1,0,1,1,1,1,7,1,2008.0,3,1052,0,72,0,10,2008,357731.98,367294
3,0,3,1,0,5,2,0,2,3,12,13,2,3,4,1,2,4,0,3,1,4,1,5,3,6,3,5,3,5,5,2,8,4,20,70.04995836802665,9200,5,6,1975,1980,0.0,280,167,938.0,938,0,938,1,0,1,0,3,1,5,0,1977.0,1,308,145,0,0,7,2008,122892.83,130250
3,3,3,4,0,5,2,0,2,1,12,13,3,2,4,2,2,4,3,2,6,0,1,5,2,6,3,1,3,5,5,2,8,4,20,70.04995836802665,8125,7,5,2002,2002,295.0,986,668,1654.0,1654,0,1654,1,0,2,0,3,1,6,0,2002.0,3,900,0,136,0,2,2006,235417.63,230000
3,0,3,0,0,15,2,0,5,1,6,6,1,0,4,2,0,4,1,2,6,0,1,5,0,6,0,1,0,5,5,2,8,4,60,104.0,21535,10,6,1994,1995,1170.0,1455,989,2444.0,2444,1872,4316,0,1,3,1,4,1,10,2,1994.0,3,832,382,50,0,1,2007,577658.06,755000
3,0,3,4,0,15,2,0,5,1,12,13,1,2,4,2,2,4,3,2,6,0,1,5,0,6,5,1,0,5,5,2,8,4,60,174.0,15138,8,5,1995,1996,506.0,689,773,1462.0,1490,1304,2794,1,0,2,1,4,1,9,1,1995.0,3,810,0,146,202,7,2009,346978.79,403000
3,3,3,4,0,12,2,0,2,3,13,14,2,3,4,1,2,4,3,5,6,4,1,5,3,6,3,1,3,5,5,2,8,4,20,70.0,13300,5,7,1956,2000,0.0,377,551,928.0,928,0,928,0,0,1,0,2,1,4,0,1956.0,1,252,261,0,156,6,2007,125657.58,132000
3,3,3,4,0,20,2,0,5,1,6,6,1,2,4,1,2,4,3,6,6,4,1,5,2,6,5,1,0,5,5,2,8,4,60,77.0,9206,6,5,1985,1985,336.0,0,741,741.0,977,755,1732,0,0,2,1,3,1,7,1,1985.0,2,476,192,46,0,6,2010,177132.0,178000
3,3,0,4,0,18,2,0,0,1,8,8,2,3,4,2,4,4,3,5,6,1,1,5,3,6,2,5,3,5,5,2,8,4,50,60.0,8400,6,5,1925,1950,0.0,423,758,1181.0,1390,304,1694,0,0,2,0,4,1,7,1,1925.0,2,576,342,0,128,6,2008,157747.89,136500
3,3,0,4,0,8,2,1,2,3,13,14,2,3,4,1,4,4,2,5,6,4,0,5,3,6,3,1,0,5,5,2,8,4,190,100.0,34650,5,5,1955,1955,0.0,1056,0,1056.0,1056,0,1056,1,0,1,0,3,1,5,0,1955.0,2,572,264,0,0,1,2006,141572.25,145000
3,3,3,4,0,12,2,0,6,1,6,6,2,3,4,1,4,4,0,0,6,4,1,5,3,6,4,1,2,5,5,2,8,4,85,68.0,7838,5,5,1967,1967,0.0,769,95,864.0,900,0,900,1,0,1,0,3,1,6,1,1967.0,1,288,175,144,0,12,2006,122457.97,123000
3,0,3,4,0,6,2,0,0,1,3,3,2,2,4,1,2,4,3,5,6,2,1,5,2,6,2,1,0,1,5,2,8,4,50,86.0,11500,7,7,1936,1987,0.0,223,794,1017.0,1020,1037,2057,0,0,1,1,3,1,6,1,1936.0,1,180,0,0,0,6,2006,217394.79,250000
3,1,3,4,0,5,2,0,2,1,12,13,2,2,4,2,2,4,3,6,6,0,1,5,2,6,3,1,2,5,5,2,8,4,20,67.0,16285,7,5,2001,2002,0.0,0,1413,1413.0,1430,0,1430,0,0,2,0,3,1,6,0,2001.0,2,605,0,33,0,6,2009,192948.53,187100
3,3,3,4,0,5,2,0,6,1,14,6,2,3,2,1,2,4,0,2,6,2,1,5,3,6,3,5,0,5,5,2,8,4,85,60.0,7200,5,8,1972,2003,0.0,660,108,768.0,768,0,768,0,1,1,0,2,1,5,0,1974.0,1,396,192,0,0,4,2009,126079.5,133900
3,3,3,4,0,7,2,0,2,1,11,12,2,3,4,0,4,4,3,1,6,4,0,1,3,6,3,6,1,3,3,0,8,4,30,45.0,8248,3,3,1914,1950,0.0,41,823,864.0,864,0,864,1,0,1,0,2,1,5,0,1978.5061638868744,0,0,0,0,100,9,2008,74904.0,67000
3,3,3,4,0,6,2,0,2,1,8,8,2,3,4,0,1,4,3,6,6,0,1,5,1,6,2,5,3,5,1,2,8,4,30,80.0,11600,4,5,1922,1950,0.0,0,700,700.0,1180,0,1180,0,0,1,0,2,1,5,1,1922.0,1,252,0,0,67,7,2006,110700.25,137500
3,3,3,4,0,12,4,0,5,1,12,13,1,3,4,1,4,4,3,1,6,4,1,5,3,6,1,1,2,5,5,2,8,4,60,69.0,7590,6,5,1966,1966,266.0,512,148,660.0,660,688,1348,0,0,1,1,3,1,6,1,1966.0,2,453,188,108,0,7,2006,145650.87,155000
3,0,3,1,0,6,2,0,2,3,13,11,2,2,4,2,4,4,3,5,6,4,1,5,3,0,5,1,2,5,5,2,8,2,20,70.04995836802665,32668,6,3,1957,1975,103.68526170798899,1219,816,2035.0,2515,0,2515,1,0,3,0,4,2,9,2,1975.0,2,484,0,0,200,3,2007,215906.06,200624
3,3,3,0,0,12,1,2,5,1,8,8,1,3,4,1,4,4,3,5,6,4,1,0,3,6,3,5,3,5,5,2,8,4,90,80.0,11600,5,5,1960,1960,361.0,443,662,1105.0,1105,1169,2274,0,0,2,0,5,2,12,0,1960.0,2,480,0,0,0,1,2010,147621.11,154300
4,3,3,4,0,9,2,0,2,3,13,14,2,3,4,0,4,0,3,6,6,1,0,5,3,6,2,5,3,5,1,1,8,4,30,60.0,9786,3,4,1922,1950,0.0,0,1007,1007.0,1077,0,1077,0,0,1,0,3,1,6,1,1922.0,1,210,0,100,48,5,2006,103716.79,91000
3,3,3,2,0,12,2,2,5,1,12,13,2,3,4,1,2,4,3,6,6,4,1,5,3,6,3,6,1,3,3,2,8,4,90,60.0,9000,5,5,1974,1974,0.0,0,896,896.0,896,896,1792,0,0,2,2,4,2,8,0,1978.5061638868744,0,0,32,45,0,9,2009,135682.15,136000
3,3,3,4,0,19,1,2,6,1,9,10,2,3,4,1,2,4,0,2,6,4,1,5,3,6,3,4,3,1,5,2,8,2,90,60.0,12900,4,4,1969,1969,0.0,1198,0,1198.0,1258,0,1258,2,0,0,2,0,2,6,0,1969.0,2,400,120,0,0,1,2008,143487.25,108959
3,3,3,4,0,12,2,0,2,3,13,3,2,3,4,1,4,4,3,6,6,0,1,5,3,6,5,1,3,5,5,2,8,4,20,75.0,11310,6,5,1954,1954,0.0,0,1367,1367.0,1375,0,1375,0,0,1,0,2,1,5,1,1954.0,2,451,0,30,0,6,2006,150007.0,140000
3,0,3,4,0,7,2,0,2,1,13,14,2,3,4,0,4,4,2,0,6,0,1,5,3,6,3,6,1,3,3,0,8,4,30,58.0,9098,4,7,1920,2002,0.0,348,180,528.0,605,0,605,1,0,1,0,2,1,5,0,1978.5061638868744,0,0,0,0,144,7,2007,85315.5,86000
3,3,3,0,0,19,1,0,2,3,6,6,2,3,4,1,4,4,3,1,6,0,1,5,3,6,5,1,2,5,5,2,8,4,20,80.0,10000,5,6,1961,1983,0.0,594,270,864.0,1144,0,1144,1,0,1,0,3,1,6,1,1961.0,1,264,165,0,0,3,2009,134393.79,131400
3,3,3,0,0,5,2,0,2,1,12,13,2,2,4,2,0,4,0,6,6,0,1,5,2,6,3,1,2,5,5,2,8,4,20,85.0,11049,8,5,2007,2007,0.0,0,1234,1234.0,1234,0,1234,0,0,2,0,3,1,7,0,2007.0,2,484,0,30,0,1,2008,218999.04,179900
3,3,3,4,0,17,2,2,6,1,9,10,2,3,4,1,4,4,3,2,6,2,1,5,3,6,3,5,3,5,5,2,8,4,90,64.0,6979,6,5,1980,1980,0.0,1056,0,1056.0,1056,0,1056,2,0,0,0,0,2,4,0,1980.0,2,576,264,56,0,6,2010,151627.6,144000
3,0,1,4,0,23,2,0,2,1,12,13,3,2,4,2,2,4,1,2,6,0,1,5,2,6,2,1,2,5,5,2,6,5,20,71.0,9520,8,5,2007,2008,338.0,1513,125,1638.0,1646,0,1646,1,0,2,0,3,1,7,1,2008.0,3,800,192,44,0,4,2008,315598.43,293077
3,3,3,4,1,7,2,0,2,3,6,6,3,3,4,1,4,4,0,5,6,0,1,0,3,3,2,2,3,5,5,2,8,4,20,68.0,8562,5,6,1957,2002,145.0,383,833,1216.0,1526,0,1526,0,0,1,0,4,1,7,1,1957.0,1,364,116,78,0,5,2010,155123.84,144500
3,3,3,4,0,12,2,0,0,1,8,8,2,3,4,1,4,4,3,5,6,4,1,5,3,6,3,5,3,5,5,2,0,0,50,80.0,8480,5,5,1947,1950,0.0,442,390,832.0,832,384,1216,0,0,1,0,2,1,6,0,1947.0,1,336,158,0,102,10,2008,113544.43,118500
3,3,3,0,0,12,0,2,2,1,3,3,2,3,4,1,4,4,3,6,6,0,0,5,3,6,3,6,1,3,3,2,8,4,90,80.0,8000,5,4,1961,1961,0.0,0,1800,1800.0,1800,0,1800,0,0,2,0,6,2,10,0,1978.5061638868744,0,0,0,0,0,7,2007,122227.18,141000
1,0,3,4,0,21,2,0,5,3,12,13,1,2,4,2,2,4,3,1,6,0,1,5,2,6,5,5,2,5,5,2,8,4,60,66.0,7399,7,5,1997,1998,1600.0,649,326,975.0,975,975,1950,0,0,2,1,3,1,7,1,1997.0,2,576,0,10,0,6,2007,205534.48,239000
3,0,3,4,0,5,2,0,5,1,5,5,3,2,4,2,0,4,3,6,6,0,1,5,0,6,2,3,0,5,5,2,6,5,60,69.0,9588,8,5,2007,2007,270.0,0,1482,1482.0,1482,1092,2574,0,0,2,1,3,1,10,1,2007.0,3,868,0,148,0,11,2007,339680.34,276000
3,0,3,4,0,22,2,0,5,3,5,5,3,2,4,2,0,4,0,2,6,0,1,5,0,6,2,3,0,5,5,2,6,5,60,85.0,16056,9,5,2005,2006,208.0,240,1752,1992.0,1992,876,2868,0,0,3,1,4,1,11,1,2005.0,3,716,214,108,0,7,2006,417389.57,556581
3,3,3,4,0,4,2,0,5,1,8,8,2,3,2,1,4,4,2,6,6,0,1,5,3,6,5,1,3,5,5,2,0,4,70,70.04995836802665,24090,7,7,1940,1950,0.0,0,1032,1032.0,1207,1196,2403,0,0,2,0,4,1,10,2,1940.0,1,349,56,0,318,6,2010,236112.49,244400
3,0,3,4,0,16,2,0,2,1,12,13,2,2,4,2,0,4,1,2,6,0,1,5,0,6,0,1,0,5,5,2,8,4,20,90.0,12378,9,5,2003,2004,0.0,1274,622,1896.0,1944,0,1944,1,0,2,0,3,1,8,3,2003.0,3,708,208,175,0,11,2006,351739.36,360000
3,3,3,4,0,17,2,0,1,1,8,8,2,3,4,1,4,4,3,6,6,0,1,5,3,6,3,6,1,3,3,2,8,4,45,55.0,5500,4,6,1956,1956,0.0,0,882,882.0,882,0,882,0,0,1,0,1,1,4,0,1978.5061638868744,0,0,0,0,0,4,2007,99251.0,103200
3,3,3,4,0,18,2,0,0,1,13,14,2,3,1,0,4,4,3,6,6,0,1,5,3,6,3,6,1,3,3,1,8,4,50,60.0,6000,5,5,1926,1950,0.0,0,1008,1008.0,1008,0,1522,0,0,2,0,4,1,7,0,1978.5061638868744,0,0,0,0,138,6,2006,124351.15,102000
4,3,3,4,0,1,2,3,5,1,8,8,2,3,2,1,2,4,3,3,2,4,1,5,3,6,5,1,0,5,5,2,0,4,160,24.0,1950,6,6,1980,1980,0.0,81,23,716.0,716,840,1556,1,0,2,1,3,1,6,1,1980.0,2,452,161,0,0,7,2008,163428.44,151000
3,3,3,4,0,15,2,0,0,3,6,6,1,2,4,2,2,4,3,2,6,0,1,5,2,6,5,1,0,5,5,2,8,4,50,85.0,10678,8,5,1992,2000,337.0,700,983,1683.0,2129,743,2872,0,0,2,1,4,1,9,1,1992.0,2,541,0,33,0,4,2007,336750.12,285000
3,3,3,4,0,4,1,0,0,1,14,10,2,3,4,1,3,2,4,4,4,4,1,5,3,3,2,5,0,5,5,0,8,4,50,80.0,17120,4,4,1959,1959,0.0,0,0,0.0,1120,468,1588,0,0,2,0,4,1,7,1,1991.0,2,680,0,59,0,7,2008,154286.07,134432
3,3,3,4,0,7,2,0,0,1,12,13,2,3,4,1,4,0,3,3,6,4,1,0,3,6,2,5,3,5,5,2,8,4,50,52.0,8741,6,4,1945,1950,0.0,94,641,735.0,798,689,1487,0,0,1,1,3,1,7,1,1949.0,1,220,0,140,0,4,2010,137279.34,113000
3,0,3,1,0,23,2,0,0,1,6,6,1,2,2,1,2,4,2,3,6,0,1,5,2,6,5,1,2,5,5,2,8,4,50,44.0,13758,7,5,1990,1991,117.0,902,254,1156.0,1187,530,1717,0,0,2,1,3,1,7,1,1990.0,2,400,168,36,0,4,2007,210614.24,187500
4,3,3,0,0,9,2,0,0,1,13,14,2,3,4,1,4,4,3,6,6,0,1,5,2,6,3,5,3,5,5,2,8,4,50,60.0,7200,5,6,1938,1995,0.0,0,803,803.0,803,557,1360,0,0,1,1,2,1,6,0,1951.0,1,297,0,65,190,7,2006,117299.37,125500
1,3,3,4,0,21,2,3,5,1,8,8,1,2,4,2,2,4,3,2,6,0,1,5,2,6,3,5,3,5,5,2,8,4,160,70.04995836802665,2117,6,5,2000,2000,216.0,378,378,756.0,769,804,1573,0,0,2,1,3,1,5,0,2000.0,2,440,0,32,0,6,2010,170110.58,177500
3,3,3,4,0,12,2,0,7,1,3,3,2,3,2,2,4,4,1,0,6,2,1,5,2,6,2,1,2,5,5,2,8,4,80,85.0,9350,5,8,1965,1999,0.0,633,586,1219.0,1265,0,1265,0,1,2,0,3,1,6,1,1965.0,2,502,0,92,0,10,2008,161428.37,179900
0,3,0,4,1,9,2,0,2,3,13,14,2,1,4,1,4,4,0,6,6,4,0,0,1,6,3,2,3,5,5,0,8,2,20,66.0,8712,5,5,1952,1952,0.0,0,540,540.0,1044,0,1044,0,0,1,0,2,1,4,0,1952.0,2,504,0,0,0,6,2010,101367.54,55993
3,0,3,4,0,5,2,0,7,1,8,8,2,3,4,1,4,4,0,0,6,2,1,5,3,6,3,5,3,5,5,2,8,4,80,55.0,10780,5,5,1976,1976,0.0,483,428,911.0,954,0,954,0,0,1,0,3,1,6,0,1976.0,2,576,0,0,0,7,2006,137823.5,132500
4,3,1,4,0,17,2,0,5,1,6,6,2,3,2,1,4,4,3,6,6,2,1,5,3,6,2,5,3,5,5,1,8,4,60,60.0,3378,7,8,1946,1992,0.0,0,651,651.0,707,682,1389,0,0,1,1,3,1,6,2,1947.0,1,240,0,0,126,9,2009,146359.48,135000
3,3,3,0,0,5,2,0,5,1,12,13,1,2,4,2,2,4,2,2,6,0,1,5,2,6,2,1,0,5,5,2,8,4,60,90.0,11367,8,5,2002,2002,210.0,932,133,1065.0,1091,898,1989,1,0,2,1,3,1,7,1,2002.0,2,586,199,60,0,11,2006,262494.78,255000
4,0,0,4,0,17,6,0,5,1,11,12,2,3,4,0,4,4,3,6,6,2,1,5,3,6,3,5,3,5,5,2,8,4,70,50.0,10300,7,6,1921,1950,0.0,0,576,576.0,902,808,1710,0,0,2,0,3,1,9,0,1990.0,2,480,12,11,64,4,2010,152199.47,140000
3,0,3,1,0,11,2,0,2,3,5,5,1,2,4,2,2,4,3,2,6,0,1,5,2,6,2,1,2,5,5,2,8,4,20,70.04995836802665,13265,8,5,2002,2002,148.0,1218,350,1568.0,1689,0,1689,1,0,2,0,3,1,7,2,2002.0,3,857,150,59,0,7,2008,286939.31,271000
3,3,3,4,0,0,2,4,2,3,12,13,1,2,4,2,2,4,0,2,6,0,1,5,2,6,2,1,0,5,5,2,6,5,120,53.0,4045,7,5,2006,2006,45.0,1070,286,1356.0,1500,0,1500,1,0,2,0,2,1,6,1,2006.0,3,648,161,20,0,10,2006,198076.07,246578
3,0,3,4,0,16,2,4,2,1,12,13,3,2,4,2,2,4,3,6,6,0,1,5,2,6,2,1,2,5,5,2,6,5,120,48.0,6955,7,5,2005,2006,94.0,0,1368,1368.0,1368,0,1368,0,0,2,0,2,1,6,1,2005.0,2,474,132,35,0,9,2006,195301.04,202500
4,3,3,4,0,10,2,3,5,1,5,5,1,3,4,1,4,4,3,6,6,1,1,5,3,6,3,1,3,5,5,2,8,4,160,21.0,2001,4,5,1970,1970,80.0,0,546,546.0,546,546,1092,0,0,1,1,3,1,6,0,1970.0,1,286,0,0,0,1,2007,89349.5,75000
4,3,3,4,0,2,2,4,5,1,6,6,1,3,4,1,4,4,3,0,6,0,1,5,3,2,3,5,3,5,5,2,8,4,160,24.0,1920,5,5,1971,1971,376.0,471,294,765.0,765,600,1365,1,0,1,1,2,1,6,0,1971.0,2,440,240,36,0,8,2007,124624.89,122500
3,3,3,0,2,17,2,0,2,1,8,8,2,3,4,0,4,4,3,6,6,0,1,5,3,6,3,5,3,5,5,2,8,0,30,60.0,5400,5,6,1921,1968,0.0,0,1073,1073.0,1073,0,1073,0,0,1,0,2,1,4,0,1968.0,1,326,0,0,112,12,2006,113751.11,108480
3,0,1,4,0,6,2,0,0,1,8,8,2,2,2,0,4,0,3,5,6,0,1,5,3,3,5,5,3,5,5,2,8,4,50,130.0,9600,5,7,1940,1950,0.0,428,300,728.0,976,332,1308,1,0,1,1,2,1,7,2,1940.0,1,256,0,70,0,6,2009,120256.0,160000
3,3,3,4,0,11,2,0,7,1,9,10,2,3,4,1,4,4,0,0,6,4,1,5,3,6,4,1,0,5,5,2,8,4,80,76.0,9880,6,6,1977,1977,0.0,522,574,1096.0,1118,0,1118,1,0,1,0,3,1,6,1,1977.0,1,358,203,0,0,7,2008,145446.5,171000
3,0,3,4,0,16,2,3,2,1,12,13,3,2,4,2,2,4,0,0,6,0,1,5,2,6,2,1,2,5,5,2,8,4,120,34.0,5381,6,5,2005,2005,135.0,900,406,1306.0,1306,0,1306,1,0,2,0,1,1,5,1,2005.0,2,624,170,63,0,8,2009,189933.83,196000
3,3,0,4,1,7,2,0,5,1,8,8,2,3,2,1,4,1,3,2,6,0,1,5,0,6,3,1,3,5,5,2,8,4,20,78.0,7800,5,8,1948,2002,0.0,603,293,896.0,1112,896,2008,1,0,3,0,3,1,8,0,1948.0,1,230,103,0,0,8,2006,155246.5,225000
1,0,3,4,0,21,2,4,2,1,8,8,2,2,4,2,2,4,3,2,6,0,1,5,2,6,2,1,0,5,5,2,8,4,120,37.0,3316,8,5,2005,2005,0.0,1039,208,1247.0,1247,0,1247,1,0,1,1,1,1,4,1,2005.0,2,550,0,84,0,4,2006,228333.37,197000
0,3,3,4,0,9,1,0,5,2,3,3,2,3,1,0,4,4,3,6,6,4,0,5,3,6,3,5,3,5,1,0,8,4,70,50.0,8500,4,4,1920,1950,0.0,0,649,649.0,649,668,1317,0,0,1,0,3,1,6,0,1920.0,1,250,0,54,172,7,2008,97849.0,40000
1,3,3,4,0,21,2,3,5,1,8,8,1,2,4,2,2,4,3,2,6,0,1,5,2,6,3,1,0,5,5,2,8,0,160,24.0,2645,8,5,1999,2000,456.0,649,321,970.0,983,756,1739,1,0,2,1,3,1,7,0,1999.0,2,480,115,0,0,8,2009,207781.75,172500
3,0,3,2,0,6,2,0,0,1,13,14,2,3,4,0,4,4,3,6,6,0,1,5,3,6,2,5,3,1,5,2,8,4,50,54.0,7681,5,6,1921,1950,0.0,0,731,731.0,820,523,1343,0,0,1,1,3,1,7,1,1921.0,1,186,192,0,102,7,2009,110801.25,154900
3,0,2,4,1,4,2,0,2,1,9,10,2,3,4,1,2,4,1,0,6,4,1,5,2,6,5,1,3,5,5,2,8,4,20,62.0,70761,7,5,1975,1975,0.0,655,878,1533.0,1533,0,1533,1,0,2,0,2,1,5,2,1975.0,2,576,200,54,0,12,2006,230612.0,280000
3,1,1,2,0,8,2,0,5,1,6,6,2,3,4,2,2,4,1,2,6,0,1,5,3,6,5,1,3,5,5,2,8,4,60,57.0,21872,7,5,1996,1997,0.0,604,125,729.0,729,717,1446,0,1,2,1,3,1,6,1,1996.0,2,406,264,22,0,8,2008,184275.05,175000
4,3,3,4,0,9,2,0,5,3,12,13,2,3,2,1,4,0,3,5,6,2,1,0,3,6,3,5,3,5,1,2,8,4,70,59.0,10690,5,7,1920,1997,0.0,456,216,672.0,672,672,1344,0,0,1,0,3,1,6,0,1964.0,1,468,0,128,218,7,2009,125771.54,147000
3,3,3,4,0,15,2,0,5,1,12,13,1,2,4,2,2,4,3,2,6,2,1,5,2,6,5,1,0,5,5,2,8,4,60,80.0,9200,8,5,1998,1998,473.0,986,484,1470.0,1470,1160,2630,1,0,2,1,4,1,8,1,1998.0,3,696,0,66,0,6,2008,332490.83,315000
3,3,3,4,0,5,2,0,2,1,12,13,2,2,4,2,2,4,2,2,6,0,1,5,2,6,3,1,2,5,5,2,8,4,20,65.0,8450,7,5,2003,2003,0.0,699,638,1337.0,1337,0,1337,1,0,2,0,3,1,6,0,2003.0,2,531,0,39,0,10,2007,192368.85,185000
3,3,3,4,0,12,2,0,7,1,12,13,2,3,4,2,4,4,0,0,5,2,1,5,3,6,3,1,0,5,5,2,8,4,80,75.0,9750,5,5,1967,1967,0.0,400,100,980.0,980,0,980,0,0,2,0,3,1,6,0,1967.0,1,384,68,0,0,10,2006,129456.0,135500
3,0,3,4,0,20,2,0,5,1,12,13,2,2,4,2,2,4,3,2,6,0,1,5,2,6,5,1,2,5,5,2,8,4,60,80.0,9828,8,5,1995,1995,0.0,584,544,1128.0,1142,878,2020,0,0,2,1,3,1,8,1,1995.0,2,466,0,155,0,6,2009,243322.27,239500
3,3,3,0,0,19,1,0,2,1,12,13,2,3,4,2,4,4,3,5,6,4,1,5,3,6,3,5,3,5,5,2,8,4,20,80.0,8816,5,6,1963,1963,0.0,651,470,1121.0,1121,0,1121,1,0,1,0,3,1,5,0,1963.0,2,480,0,80,0,6,2009,139791.0,139000
3,3,0,4,0,18,2,0,0,1,13,8,2,3,4,1,4,4,3,3,6,0,1,5,3,6,2,1,3,5,5,2,8,4,50,60.0,8400,6,5,1940,2000,0.0,388,552,940.0,1192,403,1595,0,0,1,0,2,1,6,2,1940.0,1,240,0,0,108,6,2006,148891.7,140000
3,3,3,0,0,12,2,0,2,1,6,6,1,3,4,1,4,4,3,5,6,4,1,5,3,6,3,1,2,5,5,2,8,4,20,70.04995836802665,9477,5,5,1966,1966,65.0,340,524,864.0,892,0,892,0,0,1,0,3,1,5,0,1966.0,1,264,0,0,0,10,2008,113696.83,110000
3,3,3,4,0,20,1,0,5,1,6,10,1,2,4,1,2,4,3,0,6,2,1,5,2,6,5,1,2,5,5,2,8,4,60,116.0,13474,7,5,1990,1991,246.0,700,0,700.0,1122,1121,2243,1,0,2,1,4,1,8,1,1990.0,3,746,127,44,224,6,2007,238314.35,225000
3,3,3,4,0,19,2,0,2,1,9,10,1,3,4,1,4,4,3,6,6,0,1,5,3,6,5,1,2,5,5,2,8,4,20,71.0,8197,6,5,1977,1977,148.0,0,660,660.0,1285,0,1285,0,0,1,1,3,1,7,1,1977.0,2,528,138,0,0,4,2007,147439.64,143500
3,0,3,4,0,12,2,0,2,1,9,10,2,3,4,1,4,4,3,0,6,1,1,5,3,6,3,6,1,3,3,2,8,4,20,77.0,9320,4,5,1959,1959,0.0,569,381,950.0,1225,0,1225,1,0,1,1,3,1,6,0,1978.5061638868744,0,0,352,0,0,1,2010,123277.75,128950
1,3,3,4,0,21,2,4,5,1,8,8,1,3,4,2,2,4,3,2,6,2,1,5,3,6,3,5,3,5,5,2,8,4,160,34.0,3230,6,5,1999,1999,894.0,381,348,729.0,742,729,1471,0,0,2,1,3,1,6,0,1999.0,2,440,0,24,0,3,2009,165355.97,172500
3,0,2,1,2,4,2,0,2,0,9,10,2,3,4,1,2,4,1,3,2,0,1,5,3,4,5,1,3,5,5,2,8,4,20,73.0,39104,7,7,1954,2005,0.0,226,96,1385.0,1363,0,1363,1,0,1,0,2,1,5,2,1954.0,2,439,81,0,0,4,2008,180691.42,241500
1,3,3,4,0,21,2,0,2,1,12,13,3,2,4,2,2,4,0,2,6,0,1,5,2,6,3,1,2,5,5,2,8,4,20,75.0,9000,8,5,2008,2008,36.0,1078,488,1566.0,1566,0,1566,1,0,2,0,3,1,7,0,2008.0,2,750,144,168,0,4,2010,275477.19,262500
3,3,3,4,0,0,2,4,2,1,12,13,1,2,4,2,0,4,0,6,6,0,1,5,2,6,2,1,0,5,5,2,6,5,120,53.0,3922,7,5,2006,2007,72.0,0,1258,1258.0,1402,0,1402,0,2,0,2,2,1,7,1,2006.0,3,648,120,16,0,2,2007,182441.22,194201
3,3,3,4,0,12,2,0,7,1,6,6,1,3,2,1,4,4,0,0,1,4,1,5,3,6,5,1,2,5,5,2,8,4,80,70.0,8163,5,6,1959,1959,128.0,748,102,1144.0,1144,0,1144,1,0,1,0,3,1,6,1,1959.0,1,796,86,0,0,3,2006,144126.0,143000
3,0,3,4,0,4,2,0,7,3,13,7,1,3,4,1,4,4,0,1,5,0,1,1,2,3,3,3,3,5,5,2,8,0,80,92.0,6930,5,4,1958,1958,120.0,300,468,1062.0,1352,0,1352,0,1,1,0,3,1,6,0,1958.0,1,288,168,0,294,7,2006,127813.75,130000
3,3,3,4,0,11,2,2,0,1,9,10,2,3,4,1,3,2,4,4,4,4,1,5,2,6,3,1,3,5,5,2,0,4,90,75.0,10125,5,5,1977,1977,0.0,0,0,0.0,1302,432,1734,0,0,2,0,4,2,8,0,1977.0,2,539,0,0,0,8,2009,135195.83,126000
3,0,3,4,0,19,2,0,2,3,6,10,2,3,4,1,4,4,3,0,6,4,1,5,3,6,1,1,3,5,5,2,8,4,20,100.0,13350,5,5,1974,1974,0.0,762,102,864.0,894,0,894,1,0,1,0,3,1,5,1,1974.0,2,440,241,0,0,6,2006,139071.5,142500
3,3,3,4,0,16,2,4,2,3,8,8,1,2,4,2,2,4,3,2,6,0,1,5,2,6,2,1,0,5,5,2,8,4,120,48.0,6240,8,5,2006,2006,176.0,863,461,1324.0,1324,0,1324,1,0,2,0,2,1,6,1,2006.0,2,550,192,38,0,12,2009,226667.67,254000
3,3,0,4,0,6,2,0,2,1,9,10,1,3,4,1,2,4,2,0,3,0,1,5,2,6,5,1,0,5,5,2,8,4,20,80.0,12984,5,6,1977,1977,459.0,1283,0,1430.0,1647,0,1647,1,0,2,0,3,1,7,1,1977.0,2,621,0,0,0,3,2006,199846.5,217500
4,3,3,4,0,17,0,0,0,1,13,14,2,3,4,1,4,4,3,6,6,0,1,5,3,6,3,5,3,5,5,2,8,0,50,52.0,5720,5,6,1941,1950,0.0,0,676,676.0,676,455,1131,0,0,1,1,3,1,5,0,1941.0,1,200,26,0,0,8,2009,103337.0,66500
3,0,1,4,0,23,2,0,2,1,12,13,2,2,4,2,2,4,0,2,6,0,1,5,2,6,3,1,0,5,5,2,8,4,20,73.0,8925,8,5,2007,2007,0.0,16,1450,1466.0,1466,0,1466,0,0,2,0,3,1,7,0,2007.0,3,610,100,18,0,7,2009,235950.01,201000
3,0,3,4,0,12,1,0,2,3,13,14,1,3,4,1,4,0,3,5,6,4,1,0,3,6,3,1,3,5,5,2,8,4,20,66.0,12400,6,7,1958,1998,176.0,585,630,1215.0,1215,0,1215,0,0,1,0,3,1,6,0,1958.0,1,297,0,0,0,6,2009,145792.0,155000
0,3,3,4,0,9,2,0,0,1,8,8,2,3,2,1,4,4,3,6,6,4,1,0,3,6,3,5,2,5,5,2,0,0,50,60.0,7500,4,4,1920,1950,0.0,0,698,698.0,698,430,1128,0,0,1,0,2,1,6,0,1980.0,2,528,30,0,164,4,2010,104196.5,68400
3,3,3,4,0,17,2,0,2,1,13,14,2,3,4,0,4,4,3,6,6,4,1,5,3,6,3,5,3,1,1,2,8,4,30,60.0,10800,4,6,1927,2007,0.0,0,656,656.0,968,0,968,0,0,2,0,4,1,5,0,1928.0,1,216,0,0,0,8,2007,109556.54,64500
3,3,3,4,0,14,1,0,5,3,6,6,1,3,4,1,4,4,3,2,5,2,1,5,2,6,3,1,3,5,5,2,8,4,60,70.04995836802665,9130,6,8,1966,2000,252.0,400,336,800.0,800,832,1632,0,1,1,1,4,1,7,0,1966.0,2,484,0,40,0,7,2008,164230.88,173000
0,3,1,4,1,9,2,0,0,1,8,8,2,3,4,4,4,4,2,6,6,2,1,5,3,6,3,5,2,5,5,0,8,0,50,66.0,8712,4,7,1900,1950,0.0,0,859,859.0,859,319,1178,0,0,1,0,2,1,7,0,1964.0,1,384,68,0,98,1,2010,105712.0,102776
3,3,2,4,0,7,2,0,2,1,8,8,2,3,4,1,3,2,4,4,4,0,1,5,2,6,3,5,3,5,5,2,8,0,20,60.0,11100,4,7,1946,2006,0.0,0,0,0.0,930,0,930,0,0,1,0,2,1,6,0,1946.0,1,308,0,0,0,4,2010,101925.0,84900
3,0,3,4,0,8,2,0,5,1,6,6,1,3,4,2,2,4,3,0,6,2,1,5,2,6,5,1,0,5,5,2,8,4,60,70.04995836802665,7685,6,5,1993,1994,112.0,518,179,697.0,697,804,1501,0,0,2,1,3,1,6,1,1993.0,2,420,190,63,0,5,2006,183092.65,165600
3,3,3,4,0,12,2,0,2,1,14,15,1,3,4,1,4,4,3,1,6,0,1,5,2,6,3,1,3,5,5,2,8,0,20,60.0,7332,6,6,1959,1959,207.0,414,450,864.0,864,0,864,1,0,1,0,2,1,4,0,1959.0,1,288,168,0,0,10,2006,123422.0,120000
3,3,3,4,0,7,2,0,2,1,12,13,2,3,4,1,4,4,3,0,6,0,1,0,3,6,3,1,2,5,5,2,8,4,20,70.04995836802665,17140,4,6,1956,1956,0.0,1059,75,1134.0,1229,0,1229,0,0,1,0,3,1,6,0,1956.0,1,284,0,0,0,4,2009,140024.5,135000
3,0,3,4,0,20,2,0,5,1,6,6,2,2,4,2,2,4,2,2,6,0,1,5,2,6,5,1,0,5,5,2,8,0,60,80.0,10041,8,5,1992,1992,0.0,789,119,908.0,927,988,1915,1,0,2,1,3,1,8,1,1992.0,2,506,120,150,0,2,2006,236059.19,220000
3,3,3,4,0,3,6,0,5,1,13,14,2,3,4,0,4,4,3,6,6,0,1,0,3,6,3,5,3,5,5,2,8,4,70,60.0,8730,6,7,1915,2003,0.0,0,698,698.0,698,698,1396,0,0,1,0,3,1,7,0,2003.0,1,384,0,0,0,7,2007,134166.44,153575
3,3,3,4,0,5,2,0,2,1,12,13,1,2,4,2,2,4,3,2,6,0,1,5,2,6,3,1,2,5,5,2,6,5,20,64.0,6762,7,5,2007,2007,108.0,664,544,1208.0,1208,0,1208,1,0,2,0,2,1,6,0,2007.0,2,628,105,54,0,9,2007,195225.37,195400
3,3,3,4,0,20,2,0,6,1,6,6,2,3,4,2,2,4,0,2,6,0,1,5,2,6,3,1,3,5,5,2,8,4,85,73.0,9069,6,6,1992,1992,0.0,747,189,936.0,996,0,996,1,0,1,0,2,1,5,0,1992.0,2,564,120,0,0,4,2010,144047.1,147000
3,0,2,4,1,20,2,0,5,1,9,10,1,2,4,1,2,4,1,2,6,0,1,5,3,6,2,1,0,5,5,2,8,4,60,70.04995836802665,14364,7,5,1988,1989,128.0,1065,92,1157.0,1180,882,2062,1,0,2,1,3,1,7,1,1988.0,2,454,60,55,0,4,2007,253841.86,277000
3,3,3,4,0,20,2,4,2,1,9,10,2,3,4,1,2,4,3,1,1,4,1,5,3,6,5,1,2,5,5,2,8,4,120,50.0,8012,6,5,1980,1980,0.0,543,261,923.0,923,0,923,0,0,2,0,2,1,5,1,1980.0,1,264,80,0,0,5,2010,119789.66,143000
4,3,3,4,0,17,2,0,2,1,12,13,2,3,2,0,4,4,3,6,6,2,1,5,3,6,3,5,3,5,5,2,8,4,30,60.0,8520,6,8,1928,2003,0.0,0,624,624.0,720,0,720,0,0,1,0,2,1,5,0,2005.0,2,484,106,0,0,5,2010,115281.5,105900
3,3,3,0,0,12,4,0,7,4,13,14,1,2,2,1,2,4,3,6,6,0,1,5,2,6,2,3,0,5,5,2,8,4,80,96.0,11275,7,7,1967,2007,300.0,0,710,710.0,1898,1080,2978,0,0,2,1,5,1,11,1,1961.0,2,564,240,0,0,6,2010,242526.68,242000
3,0,3,1,0,20,7,0,5,1,6,6,2,2,4,2,2,4,3,1,6,0,1,5,2,6,3,1,2,5,5,2,8,4,60,70.04995836802665,9453,7,7,1993,2003,0.0,402,594,996.0,1014,730,1744,0,0,2,1,3,1,7,0,1993.0,2,457,370,70,0,2,2010,205855.54,194500
3,1,1,1,0,22,2,0,5,3,12,13,1,0,4,2,0,4,1,6,6,0,1,5,2,6,2,3,0,5,5,2,6,5,60,66.0,13682,10,5,2006,2006,1031.0,0,1410,1410.0,1426,1519,2945,0,0,3,1,3,1,10,1,2006.0,3,641,192,0,37,10,2006,397959.73,438780
3,3,3,4,0,14,2,0,5,3,6,6,1,2,4,1,4,4,3,0,6,4,1,5,2,6,5,1,2,2,5,2,8,4,60,76.0,9120,6,6,1974,1974,270.0,442,459,901.0,943,933,1876,0,0,2,1,4,1,8,1,1974.0,2,540,0,69,0,7,2008,186072.4,185000
3,3,3,4,0,7,2,1,5,1,8,8,2,3,4,1,2,4,1,2,6,4,1,5,3,6,3,6,1,3,3,0,8,4,190,70.0,7000,5,7,1910,1991,0.0,969,148,1117.0,820,527,1347,1,0,1,0,3,1,5,0,1978.5061638868744,0,0,85,0,148,1,2008,126880.35,107500
3,0,3,0,0,12,2,0,7,1,9,10,1,3,4,1,2,4,1,2,6,2,1,5,3,6,2,2,2,5,5,2,8,4,80,101.0,9150,6,5,1962,1962,305.0,371,728,1099.0,1431,0,1431,0,1,1,0,3,1,6,1,1962.0,1,296,64,110,0,12,2008,155353.04,165000
3,0,3,4,0,23,2,0,2,1,6,6,1,3,4,1,2,1,3,2,3,2,1,5,2,6,5,1,3,5,5,2,8,4,20,54.0,13811,6,6,1987,1987,72.0,980,92,1112.0,1137,0,1137,1,0,2,0,2,1,5,1,1987.0,2,551,125,0,0,7,2006,154276.83,176000
4,3,3,4,0,10,2,4,2,1,5,5,2,3,4,2,2,4,3,2,6,4,1,5,3,6,5,1,3,5,5,2,8,4,120,44.0,4224,5,7,1976,1976,0.0,840,200,1040.0,1060,0,1060,1,0,1,0,3,1,6,1,1976.0,2,572,100,110,0,6,2007,141869.6,129900
4,3,3,4,0,17,2,0,2,1,12,13,2,3,4,1,4,4,3,0,1,0,1,5,3,6,3,5,3,5,5,2,8,5,20,50.0,6000,5,5,1948,1950,0.0,104,516,789.0,789,0,789,0,0,1,0,2,1,5,0,1948.0,1,250,0,0,0,4,2008,104084.36,115000
3,2,3,4,0,8,6,0,5,1,12,13,2,2,4,2,2,1,0,6,6,0,1,5,3,6,2,3,0,5,5,2,8,4,60,60.0,21930,5,5,2005,2005,0.0,0,732,732.0,734,1104,1838,0,0,2,1,4,1,7,1,2005.0,2,372,100,40,0,7,2006,173221.71,192140
3,0,3,2,0,8,2,0,7,1,6,6,1,2,4,2,2,4,3,6,6,2,1,5,2,6,5,1,2,5,5,2,8,4,80,70.04995836802665,10784,7,5,1991,1992,76.0,0,384,384.0,802,670,1472,0,0,2,1,3,1,7,1,1991.0,2,402,164,0,0,5,2007,173175.0,160000
3,3,3,4,0,3,2,0,0,1,8,8,2,3,4,1,4,4,3,5,6,2,1,5,3,6,3,5,3,5,5,0,8,4,50,70.04995836802665,9144,5,5,1940,1982,0.0,399,484,883.0,988,517,1505,1,0,1,0,3,1,8,0,1940.0,1,240,0,0,0,7,2008,140835.74,145000
3,3,3,0,0,17,2,0,2,1,13,14,2,3,4,0,1,4,3,6,6,0,1,0,0,6,3,5,3,1,5,0,8,0,30,60.0,5400,5,6,1920,1950,0.0,0,691,691.0,691,0,691,0,0,1,0,2,1,4,0,1920.0,1,216,0,20,94,1,2007,92770.5,86000
3,0,3,4,0,19,2,0,2,3,9,10,1,3,4,1,4,4,3,1,6,4,1,5,3,6,1,1,3,5,5,2,8,4,20,70.04995836802665,11553,5,5,1968,1968,188.0,673,378,1051.0,1159,0,1159,0,0,1,1,3,1,7,1,1968.0,1,336,466,0,0,7,2006,146725.0,158000
3,3,3,4,0,13,2,4,2,1,9,10,2,3,4,1,2,4,3,0,6,4,1,5,3,6,1,1,2,5,5,2,8,4,120,53.0,4043,6,5,1977,1977,0.0,360,709,1069.0,1069,0,1069,0,0,2,0,2,1,4,1,1977.0,2,440,0,55,0,7,2010,138518.5,127500
4,3,0,4,0,17,0,0,0,1,8,8,2,3,4,1,4,4,3,5,6,4,1,5,3,6,3,5,3,5,5,0,8,4,50,70.04995836802665,3950,6,8,1926,2004,0.0,468,350,818.0,818,406,1224,0,0,1,0,3,1,5,0,1926.0,1,210,0,0,116,12,2009,115628.02,115000
4,3,3,4,0,2,2,3,5,1,5,5,1,3,4,1,4,4,3,0,6,4,1,5,3,6,3,5,3,5,5,2,8,4,160,21.0,1680,5,7,1972,1972,268.0,231,399,630.0,630,672,1302,0,0,2,1,3,1,6,0,1972.0,1,264,185,0,0,2,2009,111442.34,119500
3,3,3,4,0,20,2,0,5,1,12,13,2,2,2,2,2,4,3,0,6,0,1,5,2,6,3,1,2,5,5,2,8,4,60,65.0,7153,6,5,1992,1992,0.0,387,374,761.0,810,793,1603,0,0,2,1,3,1,7,0,1992.0,2,484,0,124,0,7,2006,182023.23,175900
3,3,3,4,0,5,2,0,5,1,12,13,1,2,4,2,2,4,3,2,6,0,1,5,2,6,5,1,2,5,5,2,8,4,60,80.0,10000,8,5,1995,1996,438.0,1079,141,1220.0,1220,870,2090,1,0,2,1,3,1,8,1,1995.0,2,556,0,65,0,12,2007,275897.06,240000
3,3,3,0,0,16,2,0,2,3,12,13,1,2,4,2,2,4,0,6,6,2,1,5,2,6,2,1,0,5,5,2,6,5,20,110.0,14226,8,5,2006,2006,375.0,0,1935,1935.0,1973,0,1973,0,0,2,0,3,1,9,1,2006.0,3,895,315,45,0,7,2007,306246.25,395000
3,0,3,4,0,24,2,0,2,1,9,10,2,2,4,1,2,4,3,0,6,4,1,5,3,6,5,1,2,5,5,2,8,4,20,70.04995836802665,11250,6,6,1977,1977,0.0,767,441,1208.0,1208,0,1208,1,0,1,1,3,1,6,1,1977.0,2,546,198,42,0,6,2006,165148.0,165000
3,3,3,0,0,5,2,0,2,1,6,6,2,3,4,1,4,1,0,3,0,4,1,5,3,6,3,1,3,5,5,2,8,4,20,75.0,10650,5,6,1976,1976,0.0,182,0,894.0,894,0,894,1,0,1,0,3,1,5,0,1976.0,1,308,365,0,0,2,2010,124263.0,128200
3,3,2,4,1,20,2,0,7,1,13,14,1,2,4,2,2,4,1,2,6,2,1,5,2,6,5,1,0,5,5,2,8,4,80,70.04995836802665,12800,7,5,1989,1989,145.0,1518,0,1518.0,1644,0,1644,1,1,2,0,2,1,5,1,1989.0,2,569,80,0,0,8,2009,222577.72,275000
3,3,3,4,0,21,2,0,2,3,5,5,3,0,4,2,0,4,3,2,6,0,1,5,0,6,2,1,0,5,5,2,6,5,20,79.0,9416,7,5,2007,2007,205.0,1126,600,1726.0,1726,0,1726,1,0,2,0,3,1,8,1,2007.0,3,786,171,138,0,9,2007,251737.8,311872
3,0,3,1,0,21,1,0,5,1,12,13,3,2,4,2,2,4,2,6,6,0,1,5,2,6,2,3,0,5,5,2,8,4,60,86.0,14598,6,5,2007,2007,74.0,0,894,894.0,894,1039,1933,0,0,2,1,4,1,9,1,2007.0,3,668,100,18,0,1,2008,199242.42,214000
4,3,3,2,0,11,2,4,2,3,12,13,1,3,2,2,0,1,3,2,6,0,1,5,3,6,3,1,0,5,5,2,8,4,120,32.0,4500,6,5,1998,1998,443.0,1201,36,1237.0,1337,0,1337,1,0,2,0,2,1,5,0,1998.0,2,405,0,199,0,3,2006,169013.89,153500
4,3,3,4,0,5,2,4,2,1,12,13,1,2,4,2,2,4,0,2,6,0,1,5,2,6,3,1,0,5,5,2,8,4,120,70.04995836802665,4435,6,5,2003,2004,170.0,685,163,848.0,848,0,848,1,0,1,0,1,1,4,0,2003.0,2,420,140,0,0,6,2009,140423.6,144000
3,3,3,4,0,12,2,0,2,1,9,10,2,3,4,1,4,4,3,6,6,4,1,5,1,6,5,5,3,1,1,2,8,4,20,60.0,10434,4,5,1955,1955,0.0,0,1005,1005.0,1005,0,1005,0,0,1,0,2,1,5,1,1977.0,2,672,0,0,0,11,2009,123180.5,115000
3,0,3,4,0,8,2,0,7,1,12,13,2,3,4,2,2,4,3,2,6,0,1,5,3,6,5,3,0,5,5,2,8,4,80,70.04995836802665,7750,7,5,2000,2000,0.0,250,134,384.0,774,656,1430,0,0,2,1,3,1,7,1,2000.0,2,400,180,0,0,4,2010,170461.2,180000
3,3,3,4,0,16,2,0,2,1,12,13,2,0,4,2,0,1,1,2,6,0,1,5,0,6,2,1,0,5,5,2,6,5,20,107.0,13891,10,5,2006,2006,103.68526170798899,1386,690,2076.0,2076,0,2076,1,0,2,1,2,1,7,1,2006.0,3,850,216,229,0,9,2006,376808.45,465000
3,0,1,4,0,22,2,4,2,1,6,6,2,2,4,2,2,4,3,2,6,2,1,5,2,6,5,1,2,5,5,2,8,4,120,41.0,5395,8,5,1993,1993,0.0,733,604,1337.0,1337,0,1337,1,0,2,0,2,1,5,1,1993.0,2,462,96,0,70,10,2008,215799.53,180000
3,3,3,4,0,21,2,0,5,1,12,13,2,2,4,2,2,4,2,2,6,0,1,5,2,6,2,1,2,5,5,2,8,4,60,75.0,9675,7,5,2005,2005,0.0,341,772,1113.0,1113,858,1971,0,0,2,1,3,1,8,1,2005.0,2,689,0,48,0,2,2009,237617.61,253000
4,3,3,4,0,10,2,4,5,1,5,5,2,3,4,1,2,4,3,5,1,4,1,5,3,6,3,1,3,5,5,2,8,4,160,36.0,2592,5,3,1976,1976,0.0,129,175,536.0,536,576,1112,0,0,1,1,3,1,4,0,1976.0,1,336,182,0,0,4,2010,104371.97,85000
3,3,3,2,0,12,2,2,2,1,6,6,2,3,4,3,3,2,4,4,4,4,1,5,3,6,3,4,3,5,5,2,8,4,90,70.0,9842,4,5,1962,1962,0.0,0,0,0.0,1224,0,1224,0,0,2,0,2,2,6,0,1962.0,2,462,0,0,0,3,2007,105685.18,101800
3,0,3,4,0,12,2,0,2,1,8,8,1,3,4,1,4,4,3,1,6,4,1,5,3,6,3,5,3,5,5,2,8,4,20,70.04995836802665,8750,5,6,1970,1970,76.0,828,174,1002.0,1002,0,1002,1,0,1,0,3,1,5,0,1973.0,2,902,0,0,0,8,2009,142853.8,148500
4,3,3,4,0,7,2,3,5,1,12,13,3,2,4,2,2,4,3,6,6,0,1,5,2,0,3,5,3,5,5,2,8,4,160,24.0,2522,7,5,2004,2004,50.0,0,970,970.0,970,739,1709,0,0,2,0,3,1,7,0,2004.0,2,380,0,40,0,4,2006,136465.42,137500
3,0,3,4,0,16,2,4,2,3,8,8,1,0,4,2,0,4,3,6,6,0,1,5,0,6,2,1,2,5,5,2,6,5,120,68.0,7820,9,5,2007,2007,362.0,0,1869,1869.0,1869,0,1869,0,0,2,0,2,1,6,1,2007.0,2,617,210,54,0,12,2007,305364.6,318061
3,0,2,4,2,4,2,0,2,0,13,14,2,3,4,1,4,4,1,2,6,0,1,5,0,6,2,1,3,5,5,2,8,5,20,65.0,25095,5,8,1968,2003,0.0,1324,113,1437.0,1473,0,1473,2,0,1,0,1,1,5,2,1968.0,1,452,0,48,0,6,2009,194004.5,143000
3,3,0,4,0,12,0,0,0,1,8,8,2,3,4,1,4,4,3,1,6,4,1,0,3,6,5,1,3,5,5,2,8,4,50,60.0,10930,5,6,1945,1950,0.0,580,333,913.0,1048,510,1558,1,0,1,1,3,1,6,1,1962.0,1,288,0,0,0,4,2008,145807.0,140000
3,0,3,4,0,5,2,0,5,1,12,13,1,2,4,2,2,4,4,6,6,0,1,5,2,6,5,1,2,5,5,2,8,4,60,65.0,14006,7,5,2002,2002,144.0,0,936,936.0,936,840,1776,0,0,2,1,3,1,7,1,2002.0,2,474,144,96,0,2,2006,205581.22,192500
4,3,3,4,0,10,2,3,6,1,5,5,2,3,4,1,2,4,0,2,6,0,1,5,0,6,3,6,1,3,3,2,8,0,180,21.0,1533,5,7,1970,1970,0.0,553,77,630.0,630,0,630,1,0,1,0,1,1,3,0,1978.5061638868744,0,0,0,0,0,8,2006,94609.5,92000
1,3,3,4,0,21,2,0,5,1,12,13,2,2,4,2,2,1,3,6,6,0,1,5,2,6,3,1,2,5,5,2,6,5,60,65.0,8125,7,5,2006,2006,0.0,0,770,770.0,778,798,1576,0,0,2,1,3,1,6,0,2006.0,2,614,0,50,0,8,2006,191940.72,197000
3,3,3,4,0,17,2,0,2,1,12,13,2,2,4,0,4,4,3,6,6,0,1,5,2,6,3,5,3,1,1,0,8,4,30,52.0,9022,5,8,1924,2006,0.0,0,768,768.0,792,0,792,0,0,1,0,2,1,5,0,1924.0,1,240,316,0,120,5,2009,112535.54,109500
3,3,3,4,0,5,2,0,2,3,12,13,3,2,4,2,0,4,1,2,6,0,1,5,2,6,2,1,2,5,5,2,8,4,20,79.0,10637,8,5,2007,2008,336.0,1288,417,1705.0,1718,0,1718,1,0,2,0,3,1,7,1,2007.0,3,826,208,44,0,9,2009,326629.69,297000
3,0,3,4,0,14,4,0,2,3,3,3,2,3,4,1,4,4,3,6,6,2,1,5,2,6,2,1,2,5,5,2,8,4,20,70.04995836802665,9156,6,7,1968,1968,0.0,0,1489,1489.0,1489,0,1489,0,0,2,0,3,1,7,1,1968.0,2,462,0,0,0,8,2009,173954.87,185750
3,3,3,4,0,5,2,0,5,1,12,13,2,2,4,2,2,4,3,2,6,0,1,5,2,6,3,1,2,5,5,2,8,4,60,79.0,12420,7,5,2001,2001,0.0,666,278,944.0,944,896,1840,1,0,2,1,3,1,6,0,2001.0,2,622,0,45,0,6,2009,223526.25,230000
4,3,0,4,0,17,2,0,2,3,11,12,0,3,4,0,1,4,3,5,6,4,1,5,3,6,3,5,3,5,5,2,8,2,30,50.0,5925,4,7,1937,2000,435.0,168,739,907.0,1131,0,1131,0,0,1,0,2,1,7,0,1995.0,2,672,0,72,0,3,2007,122581.5,89471
3,0,2,4,1,22,2,0,2,3,12,13,3,2,4,2,0,4,0,0,6,0,1,5,2,6,2,1,0,5,5,2,8,4,20,124.0,16158,7,5,2005,2005,16.0,1274,256,1530.0,1530,0,1530,1,0,2,0,3,1,7,1,2005.0,2,430,168,36,0,6,2009,236664.2,260000
3,3,3,4,0,5,2,0,5,1,14,15,2,2,4,2,2,4,0,2,6,0,1,5,2,6,2,1,0,5,5,2,8,4,60,63.0,8199,7,5,2005,2005,0.0,648,80,728.0,728,728,1456,1,0,2,1,3,1,7,1,2005.0,2,410,36,18,0,10,2008,178969.29,189000
3,3,3,4,0,7,0,0,5,1,8,8,2,3,4,1,4,4,2,6,6,4,1,5,3,6,2,5,3,1,4,1,8,4,70,60.0,9084,4,5,1940,1950,0.0,0,755,755.0,755,755,1510,1,0,1,0,4,1,7,1,1940.0,1,296,120,0,0,10,2009,135100.38,108000
3,3,3,4,0,12,2,0,2,1,8,8,2,3,2,1,4,4,3,0,6,0,1,5,3,6,3,5,3,5,5,2,8,4,20,70.0,8120,4,7,1970,1970,0.0,191,673,864.0,864,0,864,0,0,1,0,3,1,5,0,1994.0,2,463,0,0,0,7,2009,114588.0,124500
3,3,3,4,0,12,2,0,2,1,8,8,2,3,2,1,4,4,3,5,6,4,1,5,3,6,3,1,2,5,5,2,8,4,20,70.0,8400,5,6,1957,1957,0.0,922,392,1314.0,1314,0,1314,1,0,1,0,3,1,5,0,1957.0,1,294,250,0,0,6,2010,145737.5,145000
3,0,3,4,0,8,2,0,5,1,12,13,2,2,4,2,2,4,3,6,6,2,1,5,3,6,5,1,2,5,5,2,8,4,60,59.0,7837,6,7,1993,1994,0.0,0,799,799.0,799,772,1571,0,0,2,1,3,1,7,1,1993.0,2,380,0,40,0,5,2009,174398.82,178000
3,3,3,4,0,7,1,0,2,1,8,14,2,3,4,1,1,4,3,6,6,2,1,0,3,6,3,6,1,3,3,1,8,4,30,67.0,8777,5,7,1910,1950,0.0,0,796,796.0,796,0,796,0,0,1,0,2,1,4,0,1978.5061638868744,0,0,328,0,164,5,2008,105840.5,85000
3,3,3,0,0,18,1,0,0,1,13,14,1,3,4,0,2,4,3,0,6,0,1,5,2,6,5,5,3,5,5,2,8,4,50,60.0,7200,5,7,1937,1950,252.0,569,162,731.0,981,787,1768,1,0,1,1,3,1,7,2,1939.0,1,240,0,0,264,6,2007,147549.87,175000
3,3,3,4,0,18,2,0,0,1,3,14,2,3,4,0,4,4,3,3,6,4,1,5,2,6,2,5,3,5,5,2,8,4,50,50.0,5000,5,6,1924,1950,0.0,218,808,1026.0,1026,665,1691,0,0,2,0,3,1,6,1,1924.0,1,308,0,0,242,5,2010,134600.38,127000
3,3,3,0,0,5,2,0,2,1,12,13,2,3,4,2,4,4,3,0,6,4,1,5,3,6,3,1,3,5,5,2,8,0,20,70.0,9800,5,7,1972,1972,0.0,894,0,894.0,894,0,894,1,0,1,0,3,1,5,0,1975.0,2,552,256,0,0,7,2006,133565.1,149900
3,1,3,4,0,8,2,0,5,1,12,13,2,2,4,2,2,4,0,6,6,0,1,5,2,6,2,3,0,5,5,2,8,4,60,122.0,11911,6,5,2005,2005,0.0,0,684,684.0,684,876,1560,0,0,2,1,3,1,6,1,2005.0,2,400,100,38,0,3,2009,180791.66,174000
4,3,3,4,0,9,2,0,0,1,12,13,2,3,2,0,4,4,3,1,6,2,1,5,2,6,3,5,3,5,5,0,8,4,50,40.0,5436,4,8,1922,2007,0.0,735,61,796.0,796,358,1154,1,0,1,0,3,1,7,0,1922.0,1,240,0,96,0,5,2010,110591.08,125500
3,0,3,4,0,14,2,0,2,1,8,8,1,3,2,1,2,4,3,2,3,4,1,5,2,6,5,1,0,5,5,2,8,4,20,78.0,12090,6,6,1981,1981,210.0,588,606,1422.0,1422,0,1422,0,0,2,0,3,1,7,1,1981.0,2,576,276,0,0,6,2008,175980.4,175500
3,3,3,4,0,21,2,0,2,1,5,5,3,2,4,2,2,4,0,6,6,0,1,5,2,6,3,1,0,5,5,2,6,5,20,76.0,9158,8,5,2007,2007,140.0,0,1496,1496.0,1496,0,1496,0,0,2,0,3,1,7,0,2007.0,2,474,168,130,0,6,2007,237206.55,225000
3,3,3,4,0,19,2,0,6,1,12,13,2,3,4,1,4,4,1,3,5,2,1,5,3,6,3,5,3,5,5,2,8,4,85,70.0,8400,6,5,1966,1966,0.0,187,0,814.0,913,0,913,1,0,1,0,3,1,6,0,1990.0,1,240,0,0,252,5,2007,113504.31,129000
3,3,3,4,0,12,2,0,7,1,12,13,1,3,4,1,4,4,0,0,1,4,1,5,3,6,2,1,2,5,5,2,8,4,80,85.0,13400,5,5,1966,1966,1047.0,516,380,1024.0,1086,0,1086,1,0,1,0,3,1,6,1,1966.0,2,484,0,0,0,6,2006,152970.25,159950
3,0,3,4,0,14,6,0,2,1,9,10,1,3,4,1,2,4,3,0,6,4,1,5,3,6,5,1,2,5,5,2,0,0,20,82.0,11880,7,5,1978,1978,206.0,704,567,1271.0,1601,0,1601,0,0,2,0,3,1,7,1,1978.0,2,478,0,0,0,4,2009,178159.9,157000
3,3,3,4,0,12,2,0,5,1,6,6,1,3,4,1,4,4,3,1,6,4,1,5,3,6,1,1,3,5,5,2,8,4,60,85.0,13600,7,6,1965,1990,176.0,454,314,768.0,1186,800,1986,0,0,2,1,3,1,7,3,1965.0,2,486,0,42,0,10,2009,198025.0,205000
3,3,3,4,0,14,2,0,2,3,6,6,1,3,4,1,4,4,3,6,6,4,1,5,3,6,3,1,3,5,5,2,0,4,20,80.0,9600,7,5,1969,1969,168.0,0,1164,1164.0,1164,0,1164,0,0,1,1,3,1,6,0,1969.0,2,528,0,0,0,7,2006,161429.3,140000
3,0,3,4,0,8,2,0,5,1,12,13,2,2,4,2,2,4,3,6,6,0,1,5,2,6,5,3,2,5,5,2,4,4,60,70.04995836802665,8068,6,5,2002,2002,0.0,0,1010,1010.0,1010,1257,2267,0,0,2,1,4,1,8,1,2002.0,2,390,120,46,0,12,2009,209369.85,200000
3,3,0,0,0,6,2,0,2,3,13,14,1,3,2,1,2,4,2,0,5,4,1,5,2,6,2,2,3,5,5,2,0,0,20,70.04995836802665,21000,6,5,1953,1953,184.0,35,905,1809.0,2259,0,2259,1,0,2,0,3,1,7,2,1953.0,2,450,166,120,192,10,2007,211780.32,217000
4,0,1,4,0,17,1,0,2,1,8,8,2,3,2,1,4,4,3,3,5,4,1,5,3,6,3,5,2,5,5,2,8,4,20,49.0,8235,5,7,1955,1995,0.0,180,0,825.0,825,0,825,1,0,1,0,2,1,4,0,1963.0,2,720,140,50,0,6,2008,121357.33,125000
3,0,0,0,0,7,2,0,5,3,6,10,1,3,4,1,4,4,3,1,6,4,1,5,3,6,3,1,0,5,5,2,8,4,60,75.0,7950,6,6,1977,1977,140.0,535,155,690.0,698,728,1426,0,0,1,1,3,1,6,0,1977.0,2,440,252,0,0,7,2009,163115.99,159500
3,0,3,4,0,23,2,0,2,1,12,10,3,3,4,1,2,0,3,0,3,4,1,5,3,3,5,1,0,5,5,2,8,4,20,47.0,12416,6,5,1986,1986,132.0,1398,0,1606.0,1651,0,1651,1,0,2,0,3,1,7,1,1986.0,2,616,192,0,0,11,2008,199490.4,184000
3,3,3,4,0,6,2,0,1,1,13,14,2,3,4,0,4,4,3,6,6,1,0,5,3,6,3,5,3,4,4,2,8,4,45,55.0,10594,5,5,1926,1950,0.0,0,768,768.0,789,0,789,0,0,1,0,2,1,5,0,1926.0,1,200,0,0,112,6,2007,96023.41,96500
3,3,3,4,0,12,0,2,5,1,8,8,1,3,4,1,4,4,3,3,6,4,1,5,3,6,3,5,3,5,5,2,8,4,90,91.0,11643,5,5,1969,1969,368.0,500,748,1248.0,1338,1296,2634,1,1,2,2,6,2,12,0,1969.0,4,968,0,0,0,8,2009,158494.76,200000
4,3,3,4,0,3,2,0,0,1,8,8,2,3,4,0,4,4,3,6,6,0,1,5,3,6,2,5,3,5,5,2,8,3,50,52.0,6240,5,6,1928,1950,0.0,0,1042,1042.0,1042,534,1576,0,0,1,0,3,1,8,1,1928.0,1,225,0,0,0,8,2006,137147.5,149000
3,3,3,4,0,8,6,0,5,1,12,13,2,2,4,2,2,4,3,6,6,0,1,5,2,6,2,1,0,5,5,2,6,5,60,65.0,10237,6,5,2005,2007,0.0,0,783,783.0,783,701,1484,0,0,2,1,3,1,8,1,2005.0,2,393,0,72,0,7,2007,171875.4,178900
3,3,3,4,0,20,2,0,2,1,12,13,2,2,4,2,2,4,3,2,6,0,1,5,2,6,3,1,2,5,5,2,8,4,20,67.0,10083,7,5,2003,2003,103.68526170798899,833,343,1176.0,1200,0,1200,1,0,2,0,2,1,5,0,2003.0,2,555,0,41,0,8,2009,193009.6,184900
1,0,3,4,0,21,2,4,5,1,8,8,2,2,4,2,2,4,3,6,6,0,1,5,2,6,3,5,2,5,5,2,6,5,160,35.0,4251,7,5,2006,2007,0.0,0,625,625.0,625,625,1250,0,0,2,1,2,1,5,0,2006.0,2,528,0,54,0,6,2007,167105.34,164700
3,3,3,4,0,6,3,0,2,1,3,6,2,2,2,2,2,4,0,2,6,4,1,5,0,6,5,1,0,5,5,2,8,4,20,100.0,17500,7,8,1959,2002,0.0,1406,496,1902.0,1902,0,1902,1,0,2,0,3,1,7,2,1959.0,2,567,0,207,162,5,2010,260970.23,335000
3,3,3,4,0,12,2,2,2,1,11,12,1,3,4,3,3,2,4,4,4,1,0,0,3,6,3,5,3,5,5,2,8,4,90,70.04995836802665,8544,3,4,1949,1950,340.0,0,0,0.0,1040,0,1040,0,0,2,0,2,2,6,0,1949.0,2,400,0,0,0,5,2006,94074.0,87500
3,0,3,4,0,16,2,0,2,1,12,13,3,2,4,2,2,4,3,6,6,0,1,5,2,6,3,1,2,5,5,2,6,5,20,79.0,9541,7,5,2009,2009,268.0,0,1502,1502.0,1502,0,1502,0,0,2,0,3,1,7,0,2009.0,2,644,0,114,0,9,2009,225961.22,233170
3,0,3,1,0,19,2,0,2,1,6,6,2,3,4,1,4,4,3,6,6,2,1,5,2,6,3,1,3,5,5,2,8,4,20,70.04995836802665,8544,5,6,1966,2006,0.0,0,1228,1228.0,1228,0,1228,0,0,1,1,3,1,6,0,1966.0,1,271,0,65,0,6,2008,144867.27,149350
3,3,3,4,0,12,2,0,2,1,6,6,2,2,4,1,4,4,3,5,6,2,1,5,3,6,2,1,3,5,5,2,8,4,40,60.0,12144,5,7,1949,1950,0.0,375,457,832.0,1036,0,1268,0,0,1,0,3,1,6,1,1949.0,1,288,0,28,0,9,2009,124424.0,133000
3,3,3,4,0,7,2,0,2,1,11,12,2,3,4,1,4,4,3,5,6,4,0,0,3,6,3,6,1,3,3,2,8,4,30,67.0,5604,5,6,1925,1950,0.0,468,396,864.0,864,0,864,1,0,1,0,2,1,5,0,1978.5061638868744,0,0,0,0,96,4,2008,96552.33,98000
3,3,3,4,0,14,2,0,2,1,9,10,1,3,2,1,2,4,3,1,3,4,1,5,3,6,5,1,3,5,5,2,8,4,20,79.0,10240,6,6,1980,1980,157.0,625,0,1686.0,1686,0,1686,1,0,2,0,3,1,7,1,1980.0,2,612,384,131,0,5,2006,194722.18,207500
3,0,3,0,0,19,1,0,2,1,9,10,2,3,4,1,4,4,3,1,6,0,1,5,3,2,5,1,3,5,5,2,8,4,20,70.04995836802665,9991,4,4,1976,1993,0.0,1116,165,1281.0,1620,0,1620,1,0,2,0,3,1,8,1,1993.0,2,490,120,78,0,6,2009,176007.5,150000
3,0,3,1,0,19,2,0,6,3,13,14,2,3,4,1,2,4,0,2,6,4,1,5,3,6,3,5,3,5,5,2,8,4,85,70.04995836802665,7252,5,5,1982,1982,0.0,685,173,858.0,858,0,858,1,0,1,0,2,1,5,0,1983.0,2,576,120,0,0,4,2009,134932.7,134900
1,3,3,4,0,21,2,0,2,1,12,13,2,2,4,2,2,1,3,6,6,0,1,5,2,6,2,1,2,5,5,2,6,5,20,60.0,7200,7,5,2006,2006,0.0,0,1293,1293.0,1301,0,1301,1,0,2,0,2,1,5,1,2006.0,2,572,216,121,0,8,2006,193660.24,187750
3,3,3,4,0,12,1,0,2,3,13,14,1,3,4,1,4,4,3,1,6,0,1,5,3,6,5,1,2,5,5,2,8,4,20,128.0,12160,6,4,1953,1953,90.0,1024,481,1505.0,1505,0,1505,1,0,1,0,2,1,6,1,1953.0,2,505,0,0,0,2,2009,174107.0,149500
3,3,3,4,0,12,2,0,2,1,8,8,2,3,4,1,4,4,3,6,6,2,1,5,3,6,3,1,3,5,5,2,7,0,20,71.0,9353,4,5,1970,1970,0.0,0,864,864.0,864,0,864,0,0,1,0,3,1,5,0,1972.0,1,280,0,0,0,7,2006,108459.5,116050
3,3,0,4,0,20,1,2,6,1,9,10,3,3,4,1,2,4,0,2,6,4,1,5,3,6,5,5,3,5,5,2,8,2,90,64.0,7018,5,5,1979,1979,275.0,1086,0,1086.0,1224,0,1224,2,0,0,2,2,2,6,2,1979.0,2,528,120,0,0,6,2009,151831.83,153337
3,3,3,4,0,19,4,0,2,1,13,10,2,3,4,2,2,4,2,1,6,4,1,5,3,6,2,1,3,5,5,2,8,4,20,70.04995836802665,13284,5,5,1954,1954,0.0,1064,319,1383.0,1383,0,1383,1,0,1,0,3,1,6,1,1954.0,1,354,511,116,0,6,2008,156709.45,165000
3,3,3,4,0,11,2,0,2,1,12,13,2,2,2,1,4,4,3,0,6,0,1,5,2,6,0,1,3,5,5,2,8,4,20,60.0,6600,5,9,1982,2008,0.0,641,175,816.0,816,0,816,0,1,1,0,3,1,5,1,1982.0,1,264,0,0,0,10,2008,126548.64,130500
4,3,3,4,0,11,2,2,6,1,12,13,1,3,2,2,2,1,1,2,6,0,1,5,3,6,3,1,0,5,5,2,8,2,90,78.0,7060,7,5,1997,1998,200.0,1309,35,1344.0,1344,0,1344,2,0,2,0,2,2,8,0,1997.0,4,784,0,0,0,11,2008,185450.81,206300
1,3,3,0,0,21,2,4,5,1,12,13,2,2,4,2,2,4,3,6,6,0,1,5,2,6,3,5,3,5,5,2,8,0,160,34.0,3604,7,5,2007,2007,0.0,0,689,689.0,703,689,1392,0,0,2,0,2,1,5,0,2007.0,2,540,0,102,0,2,2008,162478.75,146000
3,0,3,4,0,12,2,0,2,1,8,8,0,3,4,1,4,4,3,6,6,2,1,5,3,6,3,5,3,5,5,2,0,4,20,80.0,8892,5,5,1960,1960,66.0,0,1065,1065.0,1065,0,1065,0,0,1,1,3,1,6,0,1974.0,2,461,74,0,0,7,2007,137573.5,126500
3,3,3,0,0,6,2,0,0,1,13,15,2,3,4,2,4,4,3,6,6,0,1,5,3,6,2,5,3,5,5,2,8,4,50,53.0,5362,5,6,1910,2003,0.0,0,661,661.0,661,589,1250,0,0,2,0,3,1,8,1,1985.0,2,552,242,0,81,11,2007,126390.82,139000
4,3,3,4,0,17,2,1,5,1,8,8,2,3,4,0,4,4,3,6,6,2,1,5,3,6,3,6,1,3,3,0,6,5,190,33.0,4456,4,5,1920,2008,0.0,0,736,736.0,736,716,1452,0,0,2,0,2,3,8,0,1978.5061638868744,0,0,0,0,102,6,2009,112577.32,113000
3,3,3,0,0,7,0,0,0,1,13,14,2,3,4,0,4,4,3,6,6,1,0,1,3,6,3,6,1,3,3,0,8,4,50,60.0,9600,6,5,1924,1950,0.0,0,572,572.0,572,524,1096,0,0,1,0,2,1,5,0,1978.5061638868744,0,0,0,8,128,4,2008,88975.5,79000
1,3,3,0,0,21,2,0,2,1,5,5,2,2,4,2,2,4,3,6,6,0,1,5,2,6,3,1,0,5,5,2,6,5,20,95.0,11639,7,5,2007,2008,103.68526170798899,0,1428,1428.0,1428,0,1428,0,0,2,0,3,1,6,0,2007.0,2,480,0,120,0,12,2008,207154.98,182000
3,3,3,4,0,8,2,0,5,1,6,6,2,3,4,2,2,4,3,2,6,2,1,5,3,6,5,1,0,5,5,2,8,4,60,70.04995836802665,8000,6,5,1995,1996,0.0,219,554,773.0,773,885,1658,1,0,2,1,3,1,8,1,1995.0,2,431,224,84,0,6,2008,183379.38,188000
3,3,3,4,0,12,2,0,2,1,12,13,2,3,4,1,4,4,3,0,1,2,1,5,2,6,3,5,2,5,5,2,8,4,20,60.0,7200,5,8,1950,2002,0.0,398,317,864.0,864,0,864,1,0,1,0,3,1,5,0,1980.0,2,720,194,0,0,7,2007,130213.6,129000
2,3,3,4,0,18,2,1,5,1,12,13,2,3,4,2,4,4,2,6,6,2,1,5,3,6,3,6,1,3,3,0,8,4,190,70.04995836802665,7082,5,8,1916,1995,0.0,0,686,686.0,948,980,1928,0,0,2,0,5,2,10,0,1978.5061638868744,0,0,0,0,228,7,2006,133070.0,160000
3,3,3,4,0,12,2,0,2,1,13,14,1,2,2,1,4,4,3,6,6,4,1,5,2,6,2,1,2,5,5,2,0,0,20,80.0,8400,6,9,1962,2005,237.0,0,1319,1319.0,1537,0,1537,1,0,1,1,3,1,7,1,1962.0,2,462,0,36,0,7,2008,169721.39,174000
3,0,3,4,0,8,2,0,5,1,12,13,2,2,4,2,2,4,0,6,6,0,1,5,2,6,2,3,0,5,5,2,6,5,60,58.0,14054,7,5,2006,2006,0.0,0,879,879.0,879,984,1863,0,0,2,1,4,1,9,1,2006.0,3,660,100,17,0,11,2006,219518.48,219210
1,3,3,4,0,21,2,0,5,1,12,13,3,0,4,2,0,4,0,2,6,0,1,5,0,6,0,1,0,5,5,2,8,4,60,85.0,11003,10,5,2008,2008,160.0,765,252,1017.0,1026,981,2007,1,0,2,1,3,1,10,1,2008.0,3,812,168,52,0,4,2009,340586.94,310000
3,0,1,4,0,16,2,0,2,3,12,13,1,2,4,2,0,4,1,2,6,0,1,5,0,6,2,1,0,5,5,2,8,4,20,72.0,11846,9,5,2003,2004,562.0,1567,225,1792.0,1792,0,1792,1,0,2,0,2,1,6,1,2003.0,3,874,206,49,0,8,2006,341893.64,374000
4,3,3,4,0,17,2,0,2,1,13,14,2,2,4,1,4,4,3,6,6,4,1,5,3,6,3,5,3,1,5,0,8,4,30,60.0,8520,5,6,1923,2006,0.0,0,968,968.0,968,0,968,0,0,1,0,2,1,5,0,1935.0,2,480,0,0,184,7,2007,121796.75,100000
3,0,3,0,0,14,3,0,5,1,6,6,1,3,4,1,4,4,2,1,6,4,1,5,2,6,2,1,3,5,5,2,8,4,60,70.04995836802665,11029,6,7,1968,1984,220.0,619,435,1054.0,1512,1142,2654,1,0,2,1,4,1,9,1,1968.0,2,619,0,65,0,8,2006,223218.9,250000
3,0,3,1,0,19,2,0,7,1,12,13,2,3,2,1,4,1,0,2,6,0,1,5,3,6,3,1,3,5,5,2,8,4,80,70.04995836802665,10246,4,9,1965,2001,0.0,648,0,648.0,960,0,960,1,1,0,0,0,1,3,0,1965.0,1,364,88,0,0,5,2006,116066.0,145000
4,3,3,4,0,17,0,0,4,1,13,14,2,0,0,0,4,4,3,6,6,2,1,5,2,6,2,5,3,2,5,2,8,4,75,75.0,13500,10,9,1893,2000,0.0,0,1237,1237.0,1521,1254,2775,0,0,3,1,3,1,9,1,1988.0,2,880,105,502,0,7,2008,335169.51,325000
3,3,3,4,0,16,2,0,5,3,12,13,1,0,4,2,2,4,0,6,6,0,1,5,0,6,2,3,0,5,5,2,8,4,60,105.0,13693,9,5,2006,2006,772.0,0,2153,2153.0,2069,574,2643,0,0,2,1,3,1,9,1,2006.0,3,694,414,84,0,3,2007,409182.27,380000
4,0,1,4,1,6,2,4,2,3,5,5,3,2,4,2,0,4,1,2,6,0,1,5,2,6,2,1,0,5,5,2,8,4,120,44.0,3842,8,5,2004,2005,174.0,1373,221,1594.0,1646,0,1646,1,1,2,0,2,1,5,1,2004.0,2,482,128,53,0,1,2008,304099.78,275000
3,3,3,4,0,20,2,0,2,1,13,15,1,2,4,1,2,4,3,2,6,4,1,5,2,6,5,1,3,5,5,2,8,4,20,70.04995836802665,11200,6,5,1985,1985,85.0,1258,40,1298.0,1298,0,1298,1,0,2,0,3,1,5,1,1985.0,2,403,165,26,0,5,2006,173371.97,180000
3,0,3,0,0,5,2,0,2,1,12,13,3,2,4,2,2,4,0,6,6,0,1,5,2,6,3,1,2,5,5,2,8,4,20,64.0,10475,8,5,2008,2008,72.0,0,1694,1694.0,1694,0,1694,0,0,2,0,3,1,7,0,2008.0,3,776,160,33,0,2,2010,246662.97,245350
3,0,3,1,0,12,2,0,2,3,8,8,2,3,2,1,4,4,2,1,6,4,1,5,3,6,3,1,2,5,5,2,8,4,20,70.04995836802665,12772,6,8,1960,1998,0.0,498,460,958.0,958,0,958,0,0,1,0,2,1,5,0,1960.0,1,301,0,0,0,4,2007,135059.75,151500
3,0,3,4,0,12,2,0,6,1,8,8,2,3,4,1,4,4,0,1,6,4,1,5,3,6,3,1,3,5,5,2,8,4,85,69.0,10205,5,5,1962,1962,0.0,784,141,925.0,999,0,999,1,0,1,0,3,1,6,0,1962.0,1,300,150,72,0,5,2006,133467.0,134500
3,3,3,4,0,19,1,0,0,1,12,13,2,3,2,1,4,4,3,6,6,2,0,5,3,6,3,6,1,3,3,0,8,4,50,54.0,6342,5,8,1875,1996,0.0,0,780,780.0,780,240,1020,0,0,1,0,2,1,6,0,1978.5061638868744,0,0,0,0,176,5,2010,95483.84,94000
1,3,3,4,0,21,2,0,5,1,12,13,2,2,4,2,2,4,3,2,6,0,1,5,2,6,3,1,2,5,5,2,8,4,60,70.04995836802665,7500,7,5,2000,2000,0.0,533,281,814.0,814,860,1674,1,0,2,1,3,1,7,0,2000.0,2,663,0,96,0,1,2010,207580.06,216000
3,0,3,4,0,15,2,0,2,3,8,8,1,2,2,2,2,4,1,2,6,0,1,5,2,6,5,1,0,5,5,2,8,4,20,91.0,10437,8,6,1995,1995,660.0,1696,413,2109.0,2113,0,2113,1,0,2,1,2,1,7,1,1995.0,3,839,236,46,0,8,2008,337211.28,350000
3,0,3,4,0,14,2,0,5,1,9,10,1,3,4,1,4,4,3,3,6,4,1,5,2,6,5,1,0,5,5,2,8,4,60,70.04995836802665,12046,6,6,1976,1976,298.0,156,692,848.0,1118,912,2030,0,0,2,1,4,1,8,1,1976.0,2,551,0,224,0,6,2007,191275.0,195000
3,3,3,0,0,20,2,4,5,1,9,10,2,3,4,1,2,4,3,6,6,4,1,5,3,6,5,1,2,5,5,2,8,4,160,75.0,10762,6,6,1980,1980,0.0,0,626,626.0,626,591,1217,0,0,1,1,3,1,6,1,1980.0,1,288,0,28,0,4,2009,125722.5,120000
3,3,3,4,0,5,2,0,5,1,12,13,1,2,4,2,2,4,3,6,6,0,1,5,2,6,2,1,2,5,5,2,8,4,60,70.04995836802665,9375,8,5,2002,2002,149.0,0,1284,1284.0,1284,885,2169,0,0,2,1,3,1,7,1,2002.0,2,647,192,87,0,8,2007,264100.87,228500
3,1,3,2,0,15,2,0,5,1,6,6,2,2,4,2,2,4,3,2,6,0,1,5,2,6,2,3,0,5,5,2,8,4,60,70.04995836802665,29959,7,6,1994,1994,0.0,595,378,973.0,979,871,1850,0,0,2,1,3,1,7,1,1994.0,2,467,168,98,0,1,2009,224820.83,248000
3,3,3,4,0,12,2,0,2,1,6,6,2,3,4,1,4,4,3,1,5,4,1,5,3,6,3,5,3,5,5,2,0,4,20,71.0,9204,5,5,1963,1963,0.0,25,247,1144.0,1144,0,1144,1,0,1,1,3,1,6,0,1962.0,1,336,0,88,0,8,2008,137229.5,124000
